school,age,address,famsize,Pstatus,Medu,Fedu,Mjob,Fjob,reason,guardian,traveltime,studytime,failures,schoolsup,famsup,fatherd,activities,nursery,higher,internet,romantic,famrel,freetime,goout,Dalc,Walc,health,absences,G1,G2
0.019478447357441777,0.03490990851873536,-0.005167145174180144,0.011650575397997017,-0.0006997229456723504,-0.0447605650096489,-0.004424253784596056,-0.0808983182764785,0.007340507780837315,-0.00874021210502744,-0.014257264555045323,0.007106909227912961,0.005594271585666948,0.005991239091874993,-0.002957287930106326,-0.0387822008994234,0.0013272255679968633,-0.02680731838504317,-0.016310981816158813,0.0014895406921308038,-0.0025630918608390302,-0.01958882091566385,0.04091173793851676,0.035090517180642926,0.016245334133912256,0.04038051539698626,-0.17500157726481677,0.04754064877159912,-0.02650151976251807,-0.009743326764561498,0.11127676145703644
-0.012237056174588064,-0.023452079435553257,-0.00536996198754609,0.011532486425366344,0.009967359607152894,-0.01680946637410252,0.001764100139897392,-0.04483516121358092,-0.0006282872731579987,0.012607397457080302,0.0027537482665617855,0.009230574409021123,0.006278885492886809,0.006859261902609816,-0.0032941939333067972,0.027129639714140185,0.0014713191398697096,0.027330965293429342,0.004802449658558298,0.0015903177054748137,-0.0023749350687538957,-0.021672443940539212,0.08737458720642033,0.00581771528127917,-0.00539765110727872,-0.04168907915827385,0.03967071280195692,-0.014034949195467744,-0.004699953036849378,0.00609212454114194,-0.009848138755548422
0.020111088604051197,0.03551711330251233,-0.005407988674092637,0.011038481017327512,-0.000560532489477487,-0.04527055720253525,-0.009950364514583155,-0.07870630696192507,0.007332884170603955,-0.020438311152143486,0.0025692748845108377,-0.0037779870880339933,0.005296710988292328,0.005789532352221423,-0.002966724779839985,-0.036976114630525615,0.0013331897671196027,-0.02595205685767657,-0.016272621404240798,0.0013439423374566404,-0.0024477819185751678,-0.018570122165124332,-0.002466616741611493,0.0056183707218542345,0.041819603100594946,0.03877710346592742,0.03065523823065273,0.06797984944921065,0.044052220323284035,-0.021962616330464996,0.10484916378902993
0.021390488033937557,-0.021637938914337934,0.01148772659086922,-0.030394153223003765,0.010183645600630141,-0.04880537449969991,0.001269331064114251,0.07899070494549514,-0.0004096994206603709,-0.005324907890724432,0.002849748592089536,0.009978310771553485,0.006331715834416389,0.006888747487602821,-0.0032243168644612036,0.02673201470286078,0.00143715739865341,0.027255506353709283,0.0047499773924677535,0.0016831223699886693,0.007595953105397149,-0.02181303579469772,-0.04676754668195377,0.005803750654552652,-0.026468478328346937,0.04599684596050233,-0.0893405018440033,0.05110983007909552,-0.015049306717675471,0.006005476634431895,-0.008174130844871029
-0.011895846655130118,-0.05320667936931522,0.011805489471743603,0.011627961193070507,-0.0011727012956855014,0.048098802861850164,0.0021618520441369746,-0.003953081986108662,-0.0006372397398617586,-0.016835721752557747,0.0026188544628834966,0.00913661326927986,0.005997294412376628,0.006517403885773396,0.028492047642804382,0.026815155179801646,0.0014207966732172046,0.02709790176257756,-0.0185218825917478,0.0015167278886216097,-0.0023161419031584524,0.037327202104962494,0.04203237773691376,0.005307769102248567,0.018927368284696162,-0.04190589103884326,-0.21439842749587817,-0.047350177612066016,-0.0020327851789482473,0.013265191509940825,-0.01128027592978112
0.019947842057819295,-0.021764265135016798,0.011489731814682195,0.011891182653507078,-0.0008018165171389649,-0.04730025126596573,-0.0003696747564517647,-0.0844747662844782,0.006584620987095879,0.018256563560180447,0.0029441143468453283,-0.004675938517656388,0.06106511839808181,0.0063789756378205284,-0.0030097182784505246,-0.04064160260279911,0.0013565876121354415,-0.02764880187982497,0.004218994584532465,0.00160819999463328,-0.0025808941332863553,0.03579727121055591,-0.002622729704128365,0.0391958315657749,-0.02389142212137533,0.04142269997246208,0.1444201116629299,-0.013375673561685727,-0.03636456064861203,-0.029491039470036118,0.054334457238233005
-0.011616322137807913,-0.021363584716265562,-0.005496918466407362,0.011196312754869474,-0.0006778361829066681,-0.047726542167367006,0.0022876868469271865,0.03630505504704747,0.003252674021089129,-0.007533829271226727,-0.013470584501666848,0.006910323898265271,0.005716805207156683,0.0060480475817848165,-0.0030038598123265097,-0.03946678444920217,0.001420064899093064,0.02624540250662818,0.004361494594752721,0.0013601585300182261,-0.002549620773962047,0.034110062035480705,-0.0023669462977711324,0.03335247246471579,-0.004930518287781578,0.04073998318166642,0.13463643080327664,0.014849076569275676,0.03474530376032639,-0.016430507890775107,0.08958329668515802
-0.0104092049816787,0.03332263423060673,-0.004279640754136847,0.01162212908953326,-0.0013810864762187518,0.014752112435891696,-0.006380607985895225,-0.04587473295882853,-0.00024307828716307284,-0.012729837558805072,0.0026748797614487914,0.009246908054827776,0.006493387421086205,-0.08294464398602965,-0.003121981255373858,0.025773152197180082,0.001284638562926086,-0.026522719486608455,0.004445944656600024,-0.014580084995251095,-0.002240443609575539,0.03731938460637161,-0.047096373846878446,-0.024895039406232566,0.031318922939915415,0.04511995986388828,-0.09261502011957402,-0.054830369034119246,-0.03487446532700856,0.004825291701851051,-0.02276588928177517
-0.01048280082844959,0.03384465411357516,-0.00438732727963187,-0.03118701472238037,-0.001355120847064904,-0.01508211226489702,0.004110928683512418,-0.04487103406436322,-0.00043123174919634344,-0.0058584124321747364,-0.015257359583823163,0.009608483270317632,0.0064666906833754706,0.006883736598390638,-0.0031612012818136638,0.02626294994745724,0.0012929191959693076,0.026163486036008723,0.004437444547622456,0.0019332450302545138,-0.002326359754955097,-0.02179270022281693,0.042263888809191255,0.03704573663947603,0.0128452039774807,-0.042377108276262045,-0.22524565358791002,-0.017495145694138594,-0.012788106967295812,0.004726393864850743,-0.018553104945306015
-0.011863097132506857,0.00848986155244434,-0.005072086612114031,0.011751952988336362,-0.0013322643178482565,0.04983691397536647,-0.00024421753110638475,-0.003579951985497905,0.000986571378558582,0.01342850633758764,-0.014252145741254555,0.0097088288965957,0.006528200401938369,0.006880181124692824,-0.003270529876333463,0.02740729018542312,0.0014492585160899485,0.027301931897584453,0.004776497303420044,0.0016861497025596878,0.00736959384817124,-0.021783975081212565,-0.002711263885275267,0.005982788300281015,0.018500690629316106,0.04647241487979921,0.0410841722952775,-0.04757492329774563,-0.012840286238785291,0.006970550797503666,-0.024280887759302205
0.02013036053915957,0.008061788259794866,-0.005377559890481671,0.010974382015126165,-0.0005711401264547608,-0.044724577214238566,0.001855872185423398,-0.07939513414136261,-0.001170955320385847,0.01838545381645118,-0.012859113040556439,-0.003578770348712531,0.10024071570676954,0.005961248222482045,-0.0028905929156539034,-0.03814662445880302,0.0013677364277163344,0.02535555907276773,0.0040647579601880155,0.001319434920767493,-0.002508273577626409,0.03288878580457196,-0.002514496946070755,0.034473288438657095,-0.004646627600768426,-0.10989012910787276,0.13017084910200621,-0.035662947787922464,0.04445644136442384,-0.022723939981344126,0.10963677125633568
-0.012195951827765332,-0.022148373509433567,-0.005496223840813624,0.011294031586928438,-0.0011813721112168703,0.08093739970707653,0.0004131104272986096,-0.00421599660249747,-0.001066029321598535,-0.006242141784623103,0.002415223254715405,0.00868630097133678,-0.049499466199602646,0.006521342885335057,-0.0033296196526083296,-0.043792160511482145,0.0014256179001229656,0.02696742698728455,-0.018601048302457387,0.0014887569027988118,-0.002313437976089141,-0.021203405037680267,-0.0030780517642127626,0.004867942589910649,-0.03053703689120404,-0.04188790110374815,-0.21401335056397483,-0.04447381962365442,0.016949251262577465,0.0022195509655898874,0.00822154964728733
-0.0123374439311497,-0.022961184207661866,-0.005563928315581082,0.011322718344390302,-0.0011114040201639483,-0.01647413806971455,0.0014740076931715888,0.0772289662455239,-0.0005318217313707838,-0.013596170274445644,0.002615505662531255,-0.0059795489150754975,0.0593867542519631,0.00650188201207091,-0.0032722407971112095,-0.0427836186818097,0.001479643405847583,-0.027948103610707965,0.004727765178816533,0.0014518823770131983,-0.002387220458661932,0.036714744783653705,-0.04634853665873125,0.005252201633962057,-0.005583094037021474,0.04503758177161341,-0.08459227557741485,0.04630534216031108,0.006337013781803278,0.00883865165306501,0.008707667663158808
-0.01233012889947255,-0.056903310728133816,-0.005464056767567981,0.011246358982835028,-0.0013400942656250764,0.016273660088463978,0.00026592286959281906,-0.003876557558219049,-0.0006556653525994532,-0.0048762603054742755,0.002704111294830017,0.009003132415533537,0.06335039935477454,0.0066411023785425,0.028706376245622858,-0.044223621507215385,0.0014503301720959101,0.026987928321022935,-0.019067046002280687,0.0015662304214473246,-0.002281561721688044,-0.021703160468072552,-0.04638637553366311,0.005561735299075961,-0.029467161050387075,0.04539334636939535,0.04024919954025734,-0.04396292617784727,-0.01351286371231583,0.0037096364185969636,-0.04375482356517787
0.02198549850076045,-0.055875968943624496,0.012268085895285882,-0.030419444861891326,-0.0011109419200677415,0.016706254052344695,0.0010455154782719718,-0.003834845045658964,-0.0007301597303020883,-0.0067506353115829205,-0.014136361214810005,0.008558646052362126,0.061399884080747785,0.0065380646631987525,0.028356194790946917,0.026650203599701,0.0014597267471576183,0.027387740981764646,0.004640875339045966,0.0014982410746875396,0.007782534494568399,-0.021521879195548304,-0.002813558306170221,-0.02309222567166861,-0.005254109151221263,-0.041190339994529604,0.03827865934785374,-0.045326395630439546,-0.001993730286164548,0.0064381193050229105,-0.0087043943278361
-0.012197954867188623,-0.022648546405696943,-0.005709571124275423,0.011372579210880064,-0.0009841176132422786,-0.0481377210549281,-0.007230662915535823,0.036013579692730155,-0.0008022900445239103,-0.015417618123305213,-0.014175765229058557,0.008716363535188723,0.005693452693906761,0.0063547388739022765,-0.0032329765834982808,0.02562999916888506,0.001470654746336978,-0.027766962782791862,0.004597162002527462,0.0013691950534262065,-0.002446517123141902,-0.020735866977766953,-0.002836545184233824,0.031135960977375397,0.01964378935210416,-0.04061823014914841,-0.1987549872772037,0.07654433441149354,0.010374884834180838,0.011927129652449079,0.029555191473439463
-0.012334358266730345,0.039587447649044934,-0.005685389357100045,0.011361334167169616,-0.0011894806495703807,-0.048649117739056814,-0.002792392466133566,-0.08221930909470297,-0.0012656951894491786,0.011996076878277088,0.002615598178461181,0.007949592245241648,0.00587573458553146,0.006572612815099952,-0.0033186788835191405,0.026366996268880238,0.0014249685257891425,0.02687521656846513,0.004644872160981113,0.001491363403278618,-0.002325340793911003,-0.021073922850455586,-0.0030571594903157813,-0.02357280911847894,0.019053573259486572,-0.12392057525003673,-0.08691677818047622,-0.04253455231349344,0.016273858829562664,0.007052853043721255,-0.01354549687142359
0.02055603967476712,0.008167711655972656,0.01048625280378642,-0.02858332204752381,0.012053758647730044,-0.015493106482198194,-0.003190782953422524,-0.0034533263154596532,-0.0004854287836830763,0.008284717936362858,0.018785979839837177,-0.006948234139023171,0.0643291882987906,0.0068140784026075206,-0.003163660920173036,0.02668267713689338,-0.020178301996984744,0.025813795378793802,0.004771049725822089,-0.013173810051087222,0.006612109700930904,-0.021364883788562397,-0.0025834154504959213,0.032148106037816586,-0.00479028924832979,-0.042227705465998626,0.04171879400498906,0.0173997657903015,-0.006114988283477691,-0.004467642983514588,-0.06281207720518853
-0.01114097168263705,-0.05103716317297681,0.011153605011047743,-0.03139943042296071,-0.0009190012232336185,-0.016133751995149177,0.0013662283411921658,-0.004005890704421649,-0.0007592789908016223,-0.021149905240936427,-0.01466625878481981,-0.005644526870069387,0.11720283219214914,0.006431637591675265,-0.0030799787153763074,0.025540510463238755,0.001393148976349479,0.026859653565814098,-0.017260163247691918,0.0015558377660464437,-0.0025564521021228252,-0.021207802778104384,-0.002988622411727276,-0.024342938877769563,-0.025274718071557595,-0.04013850585536857,-0.07975522862619888,0.01783009711418856,-0.042005603979394755,-0.005832575669703427,0.048922700950271764
-0.012153939807511007,-0.05624983425387298,-0.005653695898275048,0.01163691916122424,-0.0009132579457456747,-0.05003705893283211,-0.006143886577990928,-0.08676997582255315,-0.004572824283314841,-0.017623609009160792,0.0028728739813958545,0.00768953524029011,0.005914287140090049,0.006497252197268894,-0.00318644432344966,0.025548370847052065,0.0014587464440560121,0.027062601434290054,0.004621852092028993,0.0014806102821163518,-0.002590297984563565,-0.02112473939575409,0.04245869540776136,0.006022386502671105,-0.005248609452319859,0.043109316850660405,0.03573534304107045,0.046689926023605825,-0.005550387274116683,-0.0012866927557181828,0.040922421531296105
-0.012175201890353777,0.007997302122166344,-0.0056148200160251495,0.01156206660846498,-0.0009145646896362197,-0.016507362738891956,-0.002641967645342634,0.03726355816599473,-0.0010034483615772437,-0.006984946457091999,0.0026108731167259766,0.007631331310716722,-0.04793794778108897,0.006497701275176108,-0.0032115400166545923,0.025818781534496644,0.001434963059823736,0.027256485900025773,0.004530234250285517,0.0014182777611713346,-0.0025076311487734516,-0.020747814624465136,-0.002732731455437729,-0.023332803393807444,-0.005351102960237452,0.04322377602555636,-0.07986639804366247,-0.043193692765287915,0.033825563572513775,0.01081028153116297,0.0712370321663201
-0.01217169495687459,-0.02352584050604191,-0.005708547503796998,0.011478291675523,-0.001011850644831015,-0.04896259915618334,-0.002534848986074933,-0.08446652629297895,-0.005163736914847238,-0.006563735373735669,0.002670729925697925,0.007610619238601375,0.05908172120139548,0.0063681521519956315,0.028386770229208876,0.02572081631987455,0.0014615696044703295,-0.027955172727531882,0.004559126380405441,0.0013833104709929332,-0.002463859626382663,-0.020836522031910623,0.04238146760214662,-0.023281108033358765,0.01935881228698194,-0.03978812141246033,-0.1989153377631593,-0.014481170695370686,0.02380007825211432,0.013010121320073237,0.029283845299276023
-0.01175254952589102,0.06732045879600207,-0.005329739649412639,0.011707940253996355,-0.0009864890879974985,-0.047824912669675174,-0.0053446290821623915,0.03561706275183249,-0.0005711865652731517,-0.01603434035395206,0.019544967227676912,-0.005731097040696641,0.006072096922007385,0.006577255313396342,-0.0031953601671077703,0.025638856470665987,0.0014568858289147417,-0.027907944881166758,0.004640356381618123,0.0015335019337240348,-0.0024342814184390078,-0.0209616751579941,0.08651871169469195,0.00574072289453601,0.019081517230465892,-0.04060831246180568,-0.0823153565803985,0.047259016094800266,-0.0022359311882284806,0.009368992964038729,0.025088737956960608
-0.012226589837135926,-0.0517016529291127,-0.005696532953773978,-0.029280600180816973,0.00888429822607803,-0.016599883504485123,-0.0026585307220002422,-0.004419619186578746,-0.001068535079831077,-0.006545010765182826,0.0025431353988001597,0.008814365002114861,-0.047018196885711246,0.006244879815288098,-0.00329097803227143,-0.04215617614824311,0.0014145053530078846,0.026599642537185303,0.004604137379915455,0.0013725172590721146,-0.0023995956211949844,-0.020860066689211067,-0.046317081614841264,0.0044862769581014835,0.01969673462438529,-0.20753102018147246,-0.20173087231091016,0.08138895418425182,0.014085608906859901,0.012488954056167742,0.005779210554710312
0.02173222778819351,-0.022257048513837932,-0.005540536160041886,-0.029657766675849708,-0.0008186181725817374,0.01634842605688227,0.005070087550759595,-0.00298200678598922,0.0027655659333015096,-0.0065804514528477335,0.002696723745152864,0.007928920332813403,0.006013949650910075,0.00648508162741666,-0.003149559232276987,-0.04184825806771543,0.0014918855620222648,0.026910227827832454,0.004555973969358401,0.0014674169424635328,-0.0024762674639482655,0.03590415462885822,0.041544072186531174,0.03272823261189457,-0.03142477358713421,0.043526022681439965,0.14907014290531323,0.015568082619757943,0.024888881214499194,0.005027742525789405,0.06410452220127749
-0.012230338538813891,0.008079275804463175,-0.005764563236749612,-0.029449462618640444,-0.0010500652504730524,-0.04673589563392606,-0.0021612459098895643,-0.003684372445196707,0.0080644337729954,-0.006131693899722725,-0.014018824512896683,-0.005240332724693938,-0.04932919006807252,0.006473232145198614,-0.0032593286527016468,-0.042911859318292576,0.0014299881055772029,0.02704148699660996,0.004582521959872771,0.0014563052904601947,-0.0023865037852063447,-0.021037605572713582,-0.002872534460528251,0.0633364578812051,-0.05154566373772535,-0.040233704912604265,0.03712684503629036,-0.03810615919161054,0.01296210283390373,0.006297258350256358,0.029969483895856297
-0.01214116370163652,-0.021720917621680817,-0.005201794618329551,0.01085867681189391,-0.0014883197151571701,0.04899381961644215,-0.00012350713554396908,0.07759663072477807,0.0003888527481829282,0.009392213396646516,-0.01316303015936763,0.010387730074782288,-0.05046976430433944,-0.022595225218498827,-0.0032358648108214913,-0.04370743398962386,0.001408719705171455,0.026399552432701152,0.00476587029640249,-0.011819450981664257,-0.0022190657862748747,-0.02105812108185899,-0.044489847803474605,0.004553735218418421,-0.005757480148827807,0.04583448423682628,-0.22355043961448195,0.04983136682964421,-0.014242208380356832,-0.011696421552467456,-0.06900921480472352
-0.01224130350314926,0.00896654556993351,-0.005313912016688538,-0.02921313146324394,-0.0012139627986234795,0.016926229230585704,0.0010091069497702772,-0.04381104578040258,0.0018245603377232814,0.010875127697167296,-0.014082030299004166,0.009046823235896246,0.1176492800440892,0.00681668283330805,-0.003217637891051141,-0.043172050742006376,0.0014795047281122053,-0.027912440428174184,0.004825770298124505,0.0015965587033807632,-0.0024287902687556862,0.03718469317855901,0.04168297169396133,-0.02216390484168048,-0.05637899491142748,0.04490525665201104,0.16495424351305105,0.044973749376096196,-0.009108046322178986,0.007345194148360381,-0.007478963734034061
0.02230169547237693,0.009102859229227272,-0.005428212790730076,-0.029104791156119726,-0.0011805485040881079,0.049515984449450455,0.0035842357393880636,-0.002923857947381436,0.00184899406638398,0.011696959394985036,-0.013352184616792315,0.00913878888344997,0.06037634803439403,0.006711166906261089,-0.0032167346913687623,0.026640612049747287,0.0015011226675577525,0.02690757907242177,0.004813749886044268,0.001523235372921385,0.0074187594651669115,0.036560644103758366,-0.0023202857134433934,0.005808081433873717,-0.00508782978509662,0.04551892341843315,0.16459442592852283,0.016162996780380256,0.009032772416294903,0.00846037819540987,-0.007110180589264936
-0.011962478648729794,-0.05577359989950811,-0.005697834626486492,0.011636983209774228,-0.0008476318163739729,-0.04906807185545642,-0.004511656901930026,-0.04425822772635886,0.0034287392511768897,-0.019742738917332768,0.0027851248272439044,-0.00437964408670558,0.005841317681349319,0.006352167666465243,-0.003154422082014844,0.025390727321341604,0.001409395940225557,-0.028114127219833862,0.004438992767552747,0.0014180134881517951,-0.002572700534424193,-0.02090425351707704,-0.0028091543484890895,0.006240995901452533,-0.0507971378892041,0.04187013227054519,0.14663930382232773,-0.04045040193346622,-0.003620075311452755,-0.011990229638215322,0.054981953618519444
0.021262325859319576,0.03828775027793073,-0.00566726064081559,-0.029788639220715066,-0.0007444332015333917,-0.0457984777288409,-0.004904324890005297,-0.07974610911480648,0.004263877913477794,-0.0073148739877806936,0.002658936973953599,-0.004099910043981565,0.05777562842206637,0.006271464285470537,-0.003118061405631199,-0.040624059113814996,0.0013889830619465244,0.026534339446132676,0.004369315943965329,0.001410844331347826,-0.002496933531158385,0.03519477545472998,-0.002691427946222586,0.03574733451366935,-0.027771007316320977,-0.03812993145393894,0.03450004824399669,-0.03786900452154667,0.03233857201462261,-0.0004277615841872915,0.08540189468263985
-0.012218622629972583,-0.022909536849092995,-0.005431488384528479,0.01167465361720196,0.008703682225499573,0.01698354033889795,0.004283009681413146,-0.0034084098663270247,-0.0003445665301397043,-0.005848981513597704,0.002797222362011039,0.008941928733625561,0.006210589937742421,0.00674041889971222,-0.003229130531835528,-0.043120421773507805,0.0014842382900570451,-0.028228932938350236,0.004783247627591913,0.0015355006087665434,-0.002436363097935469,0.03735331371084711,-0.04801284003702332,0.005916730474711098,0.020605709307380673,0.04539967658837472,0.16093850064284973,0.04831191778983873,-0.0007136603950610106,0.007350623579348304,0.024048642320493557
-0.01094488397367517,0.00716553942688613,0.009557547392433972,-0.029273922681827977,-0.0015474041936509213,0.015122304721525162,-0.006201278106755072,0.07678651336330594,0.0,0.009530551731793045,0.0025923149903254467,-0.007163259431330309,-0.054577966833307706,-0.02381603158925587,-0.0030964159284836918,-0.04342843373954536,-0.019065568129270846,-0.02697404324716056,0.00454278540238902,-0.01421638448113233,-0.0021078264424075296,0.03755638529486062,0.03989991717838675,0.005510088726977189,-0.0234670584946471,-0.042422337806093814,0.041475892435088244,-0.04945745837526601,-0.007303977013775689,-0.003150948987239579,-0.0442102980481599
0.02149216663884232,-0.021837975667829378,0.011003017367682453,0.0101387175158757,-0.001435112755553774,0.04818185511097506,0.0023121199128060825,0.0715807655443768,0.00014513124061362668,0.0054861174466984425,-0.011934660076850746,-0.006782477690396273,0.006041447357034122,-0.08174058743269108,0.02632520751772111,0.025520858733428135,0.001406976945780981,0.024922195340774354,0.004773879060876667,0.0013781292549281767,0.006478854959656508,-0.02002402816123192,0.03661416967839508,-0.017125305240393657,-0.0053356620793601145,0.0444430536372905,0.16683289002751134,0.07171338219334049,-0.008562194537905186,-0.023780792855654088,-0.0770926973229113
0.02060351261841185,0.007564156717209437,0.011979042536903725,0.011218157960345126,-0.0006350268151419484,-0.04585097165985057,0.0016879018068712026,-0.003394078423915399,-0.0012480815263368294,0.01797921282967716,0.0024511294593881293,-0.00421952668382841,0.0055747377558237245,0.006130020079242917,0.025795985426718893,0.024129588444023947,0.0013432420263311449,0.02604593295807473,-0.016430216462655824,0.0013436631819247107,-0.002508934901252666,-0.01930438665178398,-0.00255886980017487,0.005914493881488535,-0.004884277797489408,-0.036699547848064236,-0.07073592221823821,-0.039202354511653534,0.05128988349658702,0.006469844156157953,0.13411436357859718
-0.010926721505875722,0.007911845994605506,-0.004840884164397747,-0.03181041227051092,-0.00099039197849052,0.016081812148786918,0.002594495896294925,-0.04579671302456601,0.002153486647175486,0.017891327895623674,-0.015198310618463568,0.007963160172634199,0.006344101583843617,0.006672570289402607,-0.003035899072406748,-0.04190663984187469,0.0013550377377688355,-0.027962084781548633,0.004364131856605823,0.0017311452591748495,-0.002549684820377955,0.03718403135854332,-0.002819617198081445,0.006743241430427884,-0.022351456801754294,0.04323689123331363,0.15504640528194757,-0.04763626635291326,-0.04281386978183107,-0.011669245827910124,0.03558248128553504
-0.012029300995591826,-0.054112220094534466,-0.005567701632087085,-0.030748307070522125,0.008310110049877358,-0.0515542447460825,-0.001944460481769914,-0.0881318629709401,0.007111848864244099,0.015876046924565904,0.00284799934969409,0.007683337725395417,-0.0504770807087475,0.006617469187672004,-0.00322931851378004,-0.0422045207090952,0.0014265803431114023,-0.028409042365006947,0.004535661012703482,0.001554659577855807,-0.002596918180782763,-0.021306320039007298,-0.048140167848612886,-0.05809129876381303,-0.00518914726112852,0.04250215195005278,0.15433001107661246,-0.01500016177613891,-0.023997933096832142,-0.0026400863403341582,0.03596396425429721
-0.011825922107310127,0.008066268015003404,-0.005300799261585239,-0.02947078818282749,-0.0009295463865333443,0.07888625002228375,0.0018562707591454242,0.07591510671699576,-0.007160487675535386,-0.006425415944648987,-0.013006797779127657,-0.005626759690297318,0.05727449584509637,0.006395265883089517,-0.003106830809528784,-0.041516260932685865,0.0014621813704270873,0.026444438415877847,0.004533037251755243,0.001426577638373222,-0.002441907960810463,-0.02042058163950839,0.0410322102307057,0.005097209685227828,-0.005426907457067432,-0.04050979747901386,-0.0797857243934494,0.04552200992318907,0.020483274467962505,0.015379341611133319,0.048112355341519045
-0.011917133788001187,0.008149727534768416,-0.005526822184800056,0.012012207499508959,-0.0010830602233280026,-0.04853814755548382,0.00019816448820058263,-0.045109175276512266,0.006203479181572033,-0.007200967417609473,0.002901428173728707,0.008127767972390685,-0.0522045665282651,0.0066837969262812874,-0.0032752776307785328,-0.043478806427264094,0.001425628712741128,0.027562063624694832,0.004631331751522647,0.0016250781881854872,-0.002469696214751461,-0.021671672258148974,-0.04836720787048044,0.0384168084488782,-0.004888410503769628,0.04430335151136347,0.03801052673020959,-0.04544006621712833,-0.02221024727608812,0.0022618930257897003,0.02287955746763487
-0.012403403446443759,-0.05721663455706185,-0.005486847626762881,0.01141431177339583,-0.001195818481559141,-0.01701885380573975,0.0011934553938443072,0.0379210236988956,0.001438240131469134,-0.0051555946232188865,-0.014527126467347953,0.009297377212226867,0.006305367951701178,-0.023079533219561323,-0.0032480044676474894,0.026917447293991325,0.001489653089987442,0.027441797183267412,0.004833439066684969,0.0015597217773154538,-0.0024364270987786477,-0.021716252126880012,0.041459063859622086,0.005873227022882052,-0.0308109039816577,0.04550803316134967,0.16502448521151783,0.016436570524003755,-0.008115048068582755,0.007501921904639793,-0.007810608747129216
-0.012037684089659606,-0.05520420198286984,0.012421607746622838,0.011601245815608549,-0.001018892778770412,-0.015950453481308254,-0.0005542856823975342,-0.043635217934483606,0.0026008934029056337,-0.01690937410195133,0.020013476385800134,-0.005583240448330858,0.06103869728790542,0.00651812456493659,-0.003253431177696578,0.026307491882569527,-0.021014630886575993,-0.02828081471832882,0.00464085732684631,0.0015117342735580434,-0.002440411662218419,0.03716721981899792,-0.0028934329316698767,0.034765352598537774,-0.05141428428477101,-0.04074570528203056,-0.08338847579674274,0.015536596842686441,-0.010484927794047175,0.006405770591342598,0.027645311810445328
-0.010849083188476565,0.06068474792987016,-0.004397112099770934,0.011701743397261473,-0.0012660916283687464,-0.048604288711677414,0.0,0.03803220374864599,0.0001774209234358131,0.01041864389096132,0.002917859856990978,-0.006561447829256302,0.00670424696895512,0.006999544739631834,-0.0030085844811445816,0.02572789325940765,0.0014218676226667331,-0.027173547678096,0.004638348915765891,0.0018473973111093986,-0.0023159020153973872,0.03728962031869179,-0.04723646471935273,-0.024353222433234737,0.015867278194669758,0.045302513526976985,0.16725035397228646,0.08744007430018995,-0.007866279108166157,0.00953395321954567,-0.011029277414010386
0.02162719251685266,-0.022473151334341204,-0.005090337152195029,0.011133069606565838,-0.0014689630263265761,-0.049793166598026045,0.0011675451889268716,0.03687176321352447,-0.0011576543626925274,0.008483178609013091,0.002828758006792325,0.010059908779504481,0.006423165793972856,0.006890215678029115,-0.0031890589450016714,0.026726775187947225,0.001442336112289433,0.02654818835511634,0.004822314982202375,0.0016810545855151162,-0.002172875065934915,0.03750162167636214,-0.0025210148662632055,0.00575218463397999,0.01822787472802253,0.045679788531307323,0.04134616102966859,0.01736939823269181,-0.007293711326352392,-0.001563914680465256,-0.05335268324978132
-0.01235910855508722,-0.05839508712152941,-0.005516402594697013,0.010883811978120526,-0.00112176340520409,-0.05133388518043827,0.007776897967720358,-0.08494345447479101,-0.000573612275057286,0.010422082630773067,0.0026573953249414326,-0.005569168854987222,0.11017303557116676,0.006468663040651942,-0.0031839753507046354,-0.04191376858781643,0.0014808282498683424,-0.027251620099744255,0.004725486549360407,0.0014123861396211114,-0.0023956129337107707,-0.020691193883268767,0.04094631499525308,-0.021407442207388796,-0.0057398920930119175,0.04320216317076429,0.15565270166472603,0.0722133978074789,0.0010225791747975252,0.007911543689892908,-0.009548355341000708
0.02194679539949965,0.03783827969005316,-0.005415117538242998,-0.029754039786619554,0.008507733505762314,0.04850916042419369,0.001589897590109741,0.07641122934891771,-0.0005324152576738724,-0.01560518540934975,0.0025699338129884287,-0.0055475209638828306,0.006099931142266296,0.006628800172406238,-0.003225563500898491,-0.0427764224696095,0.0014750110542730824,0.02697787180459166,0.004715162634182131,0.0014782692637530714,-0.0023706614945937553,-0.02100103257289921,-0.002553620970041406,-0.021016759192941395,-0.005298406016549478,0.0452589575678313,0.038404653299855124,-0.013320929453051238,0.023989429938004504,0.009083089206416348,0.026845932532415573
-0.011372204300068297,-0.04941118116071021,-0.004889276768754424,-0.03127536307588227,-0.001142098627401591,0.0481151078037755,-0.0004147443674463919,0.08163805875875087,-0.0004214906186908754,-0.007268647510669246,0.0027875215590639946,0.009904862094956807,0.006245933533650424,0.006776580748130221,0.02771647350533581,-0.04358720443610707,0.0014394116236300359,0.02726368015879131,0.004581801931936512,0.001669184371376214,-0.002463214364993426,-0.021813429494727934,-0.0029300911158842966,0.005610099114707221,-0.026453759540372962,-0.04242621996124225,-0.08716734771925427,0.018506206757114053,-0.02912340798846534,0.006502471353084715,0.02267890693643937
0.019976972654111178,0.034254591410362786,-0.005102868465820927,-0.028329513484627204,-0.000662488353539779,0.04526995281473339,0.006674802169511532,0.0731002019053553,0.0034316591481531934,0.018162224950849192,-0.012086341106813978,-0.004047692134009189,0.05278433942031656,0.005825149683830979,-0.0027927025012659543,-0.038336783585695276,0.0013298060229588442,0.02543873291968326,0.003959966014398218,0.0012322217659186399,-0.0025400721485813404,-0.018783372759570857,-0.04428109618857736,0.005760340364870674,-0.029368497309427855,0.03980276016423588,0.13013077216890226,-0.010965863879973498,0.04433334956404956,-0.029982321402791688,0.08115983236683655
-0.012226367401880135,0.00782923191799097,-0.005574915159206648,0.011430133975545419,-0.0012438788232988418,-0.04808768724955158,0.0014277105229984057,-0.08329115054328569,0.0031024741767760153,0.012076121105673862,0.0026718112362760305,0.008279805129961964,0.006031781664829176,0.006660670392573394,-0.0033223447957340616,0.026885787447404934,-0.020510586735012534,0.027270349284912603,0.004705231052055549,0.001589051479672731,-0.0023771105080983607,0.03738050493405784,-0.04730496998752207,0.005774232886850968,-0.048903895098348214,0.04391422695905564,-0.2149397730272817,-0.04327380177268961,-0.012476160030166172,0.003269766192788985,-0.013638222904447161
-0.01223507069377991,0.008367114264583858,0.01207163185165896,0.011765235976600017,-0.001215374734627278,-0.050018528521534385,0.0007573243635402536,-0.0037119717253345716,-0.0008027627326041787,0.012931041069599206,0.002741040940171457,0.009015824141994522,0.06363355915344918,0.006862048605414066,-0.003311757051569582,0.027060052761107598,0.001464716068579581,-0.02859136845882763,0.00472753417121815,0.0015995955414457275,-0.0023473744017137787,-0.02153753230208456,-0.002842043774199284,0.0060169613558711315,0.018889329475321032,0.04524806674532963,-0.08900671592579282,-0.0454021606928039,-0.0026093081185911823,0.005510437535491214,0.008934553911185104
0.022202729400050667,-0.022599506565655455,0.012131249717400825,0.011163540030133126,-0.0011245497840066242,0.08011310566001059,0.0014973902757642586,-0.0032085889296135646,-0.0003664547556892857,-0.004996814755167047,0.0026224012732250787,-0.005998783447857235,-0.04846313304404203,0.006550887606795398,-0.0032111311737445867,0.026498152223013945,0.001486820562924852,-0.027765168923490183,0.0048050625862503865,0.0014636283178439936,0.007361971165066817,-0.020991284608389678,0.0408884340997569,0.02978913496987825,-0.0054830070019924034,0.045622190626831344,0.038809783028931386,0.04534661212048509,0.009670134089389375,0.010433142156179865,-0.009130478658961882
0.02142861154545492,0.06793027205193858,0.01141264384332545,0.011666724077032547,-0.0013056987291454633,0.016114103566131528,0.0013997905109440726,-0.04464077045789424,-0.0007587599568679824,0.011880481533833897,0.0027048685554712237,0.008843410271738157,0.06617382807870013,-0.023884620093714424,-0.0032560710589287344,-0.043982441569383336,0.0014191829443906672,-0.028116936831397592,-0.018896924183324743,0.001728465418972548,-0.0023493357615948724,-0.02170258284702612,-0.04801355896087305,-0.024653874009543147,-0.02757647630547729,0.045443844525381694,0.04044610865755801,-0.0461656958460593,-0.01509440557187808,0.005550106227494455,-0.008831694259344193
-0.012313198803381756,-0.02332021223514599,-0.005437986453676707,0.011532656669368205,-0.0012800013553108266,-0.01644411398115796,4.32582316450738e-05,-0.003598441493410565,-0.0006023737834500175,-0.0048331596865782275,0.0027694318768074263,0.009282757255875056,0.06355862056145258,0.0068836522392556896,-0.0033358688193344138,0.027135131431173784,0.0014696272529231905,0.02736296508680619,0.004842471042250208,0.001617018812996042,-0.002317424871944886,0.037910666720413544,-0.002747527048914338,0.005757459471196529,-0.0050920341492830855,0.04596797269795401,-0.09106235399911135,-0.014213546002886835,-0.009013004478227022,0.000281299362096189,-0.01015733862863328
0.02156955015774309,-0.021992357733200678,0.012121587373667878,-0.030832226073708217,-0.0009851929357302578,0.049294706325224716,0.003834202512216522,-0.04584260880449185,0.0022072850037316172,-0.007467841176714308,0.002672067008667663,0.008237350307437673,-0.04906793975325381,0.006580470713215896,-0.003227221004882889,0.026195419145145005,0.0014544825441221239,-0.028289622986303463,0.004607333460274624,0.0015192186024398095,-0.0024551055661952846,0.03685420749188934,-0.0028236927619821293,-0.022982222627924508,0.019340810722002885,-0.04075765767748214,0.03715895951506126,-0.014693215648451352,0.006787551418558902,0.005550598251227051,0.0428343622887261
0.022014580310129456,0.008373513425219312,0.011313323350456385,0.011057255427402607,-0.0013542514609550835,0.016929602922329416,0.0016387199222397425,0.07677581313784552,-0.00012615888826579238,0.009023401794556084,0.0025405711901584933,-0.023600148413043708,-0.050673782797121376,0.0068805270555626,-0.0032068832577713605,0.0266937162949718,0.0014690370473549926,-0.02769054688025262,0.004857520217046387,-0.012151402518952279,0.0070437852827850795,0.03704716036525477,-0.045617442098458784,-0.04809506338480019,-0.0052215820411056916,0.045808084396226974,0.17085723626493052,0.017134264297591784,-0.0012881252919452163,-0.0006904884529852763,-0.024618651717702555
-0.012397039012103303,-0.052970639907435356,-0.005719333524684123,0.011103336045248461,-0.0012451700869730198,-0.04747950648153344,-0.0010422897934632372,0.03566019540215213,0.0027517717580863694,-0.005655118137801828,0.0024935647365716563,0.008607923215060521,0.005628347994711872,0.006454155085971156,-0.0033368091377288796,0.026534919298214825,-0.02049800088668139,0.02692721652888208,-0.018378803821383984,0.0014601044780223598,-0.0023052230262654103,-0.02116697739376833,-0.04562440537981359,-0.022295637973661284,-0.028684698838331506,-0.12472174074722203,-0.212936552388782,-0.042374603022178325,0.0030408611139766894,-0.0037721141874661216,-0.016558518950626655
-0.011037272547143456,0.03565780355440786,0.011130747336243049,-0.029574173382710726,-0.0006525635443039828,0.044707508004283324,0.005335652054164847,0.07381641171252709,-0.0005164092348786004,-0.022215905418851517,0.002574388019908039,-0.004604909312999064,0.1037133482619687,0.0061819511879736685,-0.0029472056548901612,0.02416627882216793,0.0014037439148624905,-0.026763330530046866,0.004227642324307016,0.0014070203407104142,0.007842217757521412,-0.019528315302119646,-0.04545138269995296,0.03264371000764991,-0.028572968447723366,0.041863389104232075,0.13761956837208922,0.015744956825947228,0.008368692404397653,-0.028156889871097907,0.06520650570042297
-0.012069428943824614,-0.05118770374487946,-0.005204613070407694,-0.028857308200428183,-0.0014535972302172969,0.04892351793338636,-0.00041711003808829244,-0.0045169878996491695,-0.0008303325890712672,0.010327439935676959,0.0024178595251298715,-0.0069103231584319545,-0.05110681072685769,0.006618279182489425,-0.003321686455336931,-0.04417305944161474,0.001407144538564397,-0.027581942277636187,0.004699655955201752,0.0015360658932114834,0.0069034221389540585,-0.021331630681090303,-0.003231845487542509,-0.020938057508565113,0.018177603619953128,-0.042609116159867115,-0.22843893819921804,-0.04805761677455617,-0.011914857908608365,-0.015573583897044656,-0.05582126559219314
0.0224076438869654,-0.023430404931465698,-0.005497865005155433,0.011186665986704885,0.009654483315520317,0.049430248744317735,0.0013219263617592898,-0.0032517666437803126,-0.0005328384379039116,-0.004699356798076469,0.0026312078826058543,0.008584089022047325,0.06084155250773565,0.006713373974417534,0.028343156337322928,-0.04348191178403159,0.0014819452372703084,0.02689248067842966,0.0047980717894253256,0.0014900848758389769,-0.0022904113518031396,-0.021257678107803334,-0.002483910072688692,-0.021599325606254372,-0.005248589850067529,0.045235083732553735,0.16689756314258408,-0.0422427005860355,0.009251070902804826,0.005889120813388615,-0.007788857704336849
-0.009528045087975518,-0.016822978072722372,-0.0038458330966696036,-0.03004310938297688,-0.001282236355596789,0.014214889827600679,-0.0019336470850434605,-0.00394780083230794,0.00023360371667800446,0.011904338949732656,-0.014339625482812604,-0.006214843819520527,0.006406123365132847,-0.02317859153538157,0.02509918586894046,-0.04046113694643183,0.0012330808882509297,-0.025847266912327516,0.004063411371955531,0.0019563798333106616,-0.002238766038139874,-0.020907740473594224,-0.0029130073737382942,0.006182925781407003,-0.002939897136047648,-0.04036959926776593,0.038310897183858786,-0.05326742204132471,0.017782335436410904,0.007772135516824129,-0.004287650399946524
-0.010983024406818311,0.008252214444591904,-0.0046242453722530885,-0.0300012962653362,0.010517621598594009,0.015777687916760673,0.0,-0.003291565443693596,0.00016909573868719403,-0.004742648996160403,0.0029470923689245286,0.01008079177154457,-0.053499141763911365,-0.0231420461475787,-0.003071315646629396,0.026320583707080483,0.0013498820713473438,0.026244822596534535,-0.01868271036605789,-0.013988393802867169,-0.002317504499377501,-0.02167140371254794,0.04113048858594168,0.062350608437320036,-0.025401943658676308,0.046103640086025285,0.16897682835853287,0.08470023196289958,0.0024223677850321503,0.008969099533529656,-0.022803631902600707
-0.012337038324247316,0.008244517844065588,-0.005338845842379021,0.010554471854863133,-0.0013647572219995664,0.01641365835287052,0.002529541794274535,-0.0036875442445755066,-0.0005570140675458846,-0.0028849952296756,0.0024443930212732475,-0.0058553830430200186,-0.049370344112034045,-0.08191815399032856,0.02795522961577373,0.02623811204796822,0.00139150909020075,-0.02708199536093679,0.004850617946239519,-0.01134524092882362,-0.0022474411665771624,-0.02096913127487481,-0.0026621791328969094,-0.04658577328129308,-0.05918086485094087,0.04435631890406046,0.16691811256411968,0.015793182072709726,0.0028291651548744703,-0.001937997963787336,-0.04283052707337817
0.02246675142794586,-0.056190843629013935,-0.0056501513461557065,-0.02909241605285011,-0.0011669739715596589,-0.01683811586394968,-0.002141429119632648,0.07848192706538076,-0.0060146963524817226,-0.013456430258623968,-0.013796225258463387,0.008362524330349428,0.005956393348374926,0.0065190061629034225,-0.0032449647615617285,0.02634583264208604,0.0014626883334635519,-0.027853433305504285,0.004676186736143274,0.001413178392363647,-0.0023391150921146246,-0.02123089056165668,-0.045706280409419514,0.005573980233382821,-0.005403742595411761,0.044561428974025055,0.162833947346627,-0.04200108567184231,0.0061011243456868145,0.006408846484033645,-0.008660104127797233
-0.012035729269138469,-0.02270598928526212,-0.00570819294711086,0.011348384136674279,-0.0007497728814205216,-0.04955352865060561,-0.008988483361861482,-0.04349532413929609,0.008159693708748082,-0.007369786753747511,-0.013873815365158628,0.006487929625837759,0.05602295834197893,0.006299560275067241,-0.0030611164245113063,0.024433058709805656,0.001373824703200728,-0.0276333080750301,0.004353758538329093,0.001305914703057965,-0.0026647332354447387,0.03476568311787979,-0.002488811376164734,-0.023911143286392253,-0.004876149764898769,0.04065797152169816,0.1388054099349667,-0.011806765910020773,0.030301662159379406,-0.015347103890916165,0.07330038937869048
-0.012165167001416987,0.00833883322576749,-0.005400697871958655,-0.03032432016950714,-0.0011846645447363845,0.01618561814878486,0.002771477211543869,-0.0037364701536806906,-0.0005302283971879312,-0.005762460386981062,-0.014351608470171813,0.009369055781875881,0.006164123224007168,0.006727703428354277,-0.003304425087758936,-0.04389325776288723,0.0014621862408937428,-0.028228912993861505,0.004808154434490342,0.0015777492002726626,-0.002424849880181285,-0.02167688194863417,-0.002862616082475756,0.03234340056586918,-0.005576150530377504,-0.042510971507785045,0.03931490932339783,0.04858088034944551,-0.005741953943142233,0.005648622943588794,0.00775300202382153
-0.012041159661980022,0.007959775891668783,-0.005517497561312164,0.011805108837946771,-0.000960034143922244,-0.050156468445325765,-0.00576281600991526,0.0376418879029098,-0.00500043230497775,0.01589628076526923,0.002735086955104567,0.007833836115634976,-0.0492104106509314,0.006590172696519875,-0.003187803299883534,-0.04222844682550246,0.0014268968984447847,-0.02833458518941735,0.00448883998574635,0.0014923466181656743,-0.0025358062114815604,-0.020936553729102025,-0.04763328492476809,0.006151737967476144,0.01871570921587318,0.043120966452668344,0.03617339186740596,-0.04411332327686878,0.0009575432827993391,0.004191411543033268,0.06153592523008433
-0.011708639231385187,0.03807626807657803,-0.005437718035677027,0.011699095960346835,-0.0008226717957581893,-0.047274739947870396,-0.0017323349579867668,-0.043208738828398714,-0.0008130028805052773,-0.0069611889942289415,-0.014519145898389043,0.0078600996344465,0.006024439110511574,0.006440978300849898,-0.0031452958306401415,0.02546212535113679,0.0014377731224287618,0.02691017049628445,0.004533115594846291,0.0015224693236201988,-0.0025621576251148586,0.03607294925957307,0.042027064647284895,0.0632686009483353,-0.028826390393412834,0.04317446881918128,-0.07788823153240215,0.04471010708709688,-0.0006154795072268067,0.002671020314618192,0.06279771521967513
-0.012020101502179406,0.06718046326614235,0.011423147665667668,-0.028060377321347068,-0.0013094476989943806,0.01595413883238125,0.0009308736328157056,0.07167570770405735,0.0017568767629624073,0.008459713131016304,0.0024298524573685564,-0.005886127178599814,0.06176576437064664,-0.022807686426426894,-0.0031666778622211384,-0.043262328280206895,0.0014324090174303368,-0.027299325969672505,0.004734660621941762,0.0015293360586504704,-0.0021491670704722127,0.03618984620923083,-0.0023919598005086385,0.00550991755813453,-0.05668496474000163,0.04488369085173701,0.16893851883393352,-0.039414882727137834,0.0017724888290092725,-0.003363950518160981,-0.027197266365243722
0.021575512421133657,0.008228414531285156,0.011229185047961665,0.01080939101985652,-0.0014554097866361453,-0.016359321886731684,-0.0004080302957862484,-0.003493608153595452,-0.0003905923935906616,0.00760897795405291,0.002515385035305312,-0.006213614117463512,0.006247802744770741,-0.08530846023900948,-0.0031984888457037017,0.026552487978335804,0.0013875651991248931,-0.027109604600320417,-0.018915424440438127,0.0016085803572882134,-0.0020697904915636073,0.036691537936990426,-0.044663547155570575,-0.022045848646978238,0.01906446743710813,0.0449151419625296,0.17439224734139425,-0.043887308516615396,-0.003089055560014858,-0.009709237785202142,-0.041158887110179954
-0.011835358050533295,0.0364655257343728,-0.005152901800746238,-0.028557303047235943,-0.0013454804233173803,0.04742808614853508,0.0024208619800309638,-0.0040715744422003325,-0.0007280447515532857,0.010052719330557859,0.0023508651473124783,0.009633212093574598,-0.04935618754603006,-0.05073266326710422,-0.003253662908624707,-0.04321325029280331,0.001400056855220233,0.026152398013906713,0.004649257675128657,-0.011367955515514366,-0.0021565895313621114,0.03601875119565438,0.08444732983480913,0.004485451841966367,0.04635671956932755,-0.041937359258144014,-0.34882755898115175,-0.015493985941740517,0.01946721284196418,0.0009940398217733728,-0.05852737770789257
0.02017561788958506,0.006619113619464641,-0.0046001421608767535,0.011341156322415379,-0.0014888980341645087,0.08005270388483693,-0.0026045009523208355,-0.004548159929088159,0.0015751918774333895,0.011569622729999136,-0.013041671286502814,-0.007219944208603749,-0.052656270213008206,0.0066823730881391055,-0.003248812533089225,-0.04367701453493257,0.001352767967810122,-0.02699233353174692,-0.01815163286300103,0.0016525983414021298,0.006937861160293279,-0.02142467535141454,0.08681409742957155,-0.0208392631459026,0.01670714733211079,-0.13029137323963833,-0.36303254038683297,-0.05168906965247568,-0.027915226399024003,-0.012209750322487467,-0.04997989975188666
-0.011892095715566443,-0.02243406078470588,-0.00555273104920941,-0.02989844669712086,-0.0008439107377758978,-0.0499318166901335,-0.002637694120431323,-0.0851928947562055,0.0029878946962648523,0.015860946327423603,0.002692963152166114,-0.01739371122340657,0.005668723443881169,0.006317129836755836,-0.0030974192195061933,0.0248882907150629,0.0014203894645259776,-0.027672730612909452,0.004410687294739348,0.0013846345487448124,-0.002614808023351842,-0.020313339962229764,-0.04711105934597027,-0.02383476655576733,-0.005382581672184582,0.04157488463460609,0.033811643859499786,0.07562407254734227,-0.0011752408765155274,-0.004491710369712442,0.05971757505065167
-0.010350440364391048,0.007446938376963437,-0.004336893134197766,0.012067481760807092,-0.0010125634094088215,0.015387968032183563,-0.0030999954411129707,-0.04508387925432158,-0.00018557490017040415,0.015211277793841222,0.0028962288845127576,-0.006248496532538185,0.006464987108715341,0.006900578606780237,-0.0029677780246544967,0.025279197782070724,0.0013478972302623767,-0.02709174259656367,0.0043617460027746534,0.0018348117677924698,-0.002422871105494373,0.036650598913110906,-0.0027576414020842235,0.006384803207754774,0.014393851145119948,-0.04061061918015314,0.03742743133338885,0.09043769128115679,-0.04367038088183351,0.006040176860725538,0.03822285993166531
-0.012414022052888014,-0.05791999252712896,-0.005746517814527731,0.011593863235430862,-0.0010792179884827017,-0.052053416386534074,-0.005330130226030051,-0.04550799370061857,0.005039933505674625,-0.006170421815320123,-0.015077128564125181,0.008244988538189658,0.006080187746513902,0.006600964340966334,0.028212281125800223,0.026114701477321246,0.001495496219645135,-0.028387393598690903,-0.018690815233572477,0.0014905712575046263,-0.002507515348118853,-0.021374566829741128,-0.0027497565794603425,-0.024025634893540593,0.019344750318821522,0.04363219976992379,0.15722456503617757,0.01616663656931209,-0.0057044929616765425,0.002320846395900018,0.007384384185732357
0.02097935736614608,-0.02111576929901211,-0.00540557316370232,0.011356720387907394,-0.0007632576532794495,0.016060466422839367,0.0020229046250969662,-0.04370222812347642,-0.0009127075640321911,0.01767595713837135,0.002558383691191753,0.006992235038352706,-0.04493911336851161,0.0062144123410618245,-0.0030497506439990775,0.02470920576833699,-0.020380647105748523,-0.02731165754617752,0.004287400186944514,0.0012893808564523547,0.00784555013566177,0.03426243029965026,-0.002550035129198543,0.034147092170727075,0.0432744029134608,0.041193849408344266,0.033717588077398025,-0.04045477570197354,0.0458233398494949,-0.0007346151422365368,0.08278977024575115
-0.011283679550587936,-0.022665330129738356,0.01125905071691929,0.012177661308612723,-0.0010442029622209528,0.016285558761432388,0.0005320875563139098,-0.04601835219946759,0.0013932051880637614,-0.019900901101869508,0.0029640736742438055,-0.005517119101904965,0.12074091063740518,0.006722636833614397,-0.0032059458150833367,0.02623138795954292,0.0014718726724029403,-0.028114011460805912,-0.01802809056117577,0.0016722259334912002,-0.002381040246477227,-0.02158331139508963,-0.048611578554018216,0.006558280622206753,0.03697956001763704,0.044853888382437715,0.16254083286356513,-0.04786557594073755,-0.031909588534393615,-0.0006935555560896523,0.017582688408529917
-0.011016310216521313,-0.04967668432654541,0.010525532954442841,0.011889816022889493,-0.0010149798299077864,0.016186516141387833,0.0005057303154485426,0.08111624776422804,-9.935003067117577e-05,-0.018647447320457807,0.0028914531785258412,0.009345842076831095,-0.05142073947346009,0.006692797538816826,0.02621168489970845,0.02571618795057732,0.0014099512644599574,-0.027725116223597416,0.004478791819419226,0.001692949282124186,0.007936517792879171,-0.02145287423704137,-0.002581677548166958,0.006307480626518564,-0.04613106146033857,0.04453122673435192,0.1553309046327499,0.05259713556742063,-0.023526200866625064,-0.007232269487135445,0.01519320611686878
-0.011750540989896434,-0.022308208057032156,-0.005106726215009374,0.011979160063792526,-0.0011831924113934204,0.016936285108359258,0.0008840488917011776,-0.04638908343452738,0.0012902718143774942,0.014395723606173881,0.002993702220137953,0.009427108938317408,0.006528794260956929,0.0069409514647009955,-0.0031922259373872498,-0.043560591847098616,0.0014724989487720312,0.027381029897126628,0.004746283357194713,0.0017346435745847636,-0.0025003277553759234,-0.021855394629249923,-0.0026922822102948504,0.006401543084468762,-0.0045842832082421655,0.04555708335851825,0.16465214056049435,0.050840104970165036,-0.01622539086122508,0.006124052586013883,0.00782846214538302
-0.010726826076932611,0.008519546194319477,-0.004694038854793511,0.012071084184794068,-0.0009288000589003546,0.01583774806425318,0.0007132800491991137,-0.0029047028857782068,0.0007587855575740178,-0.0194936391727131,-0.015343386703363108,-0.021877533151468113,0.06308584969748408,0.006765684113262231,-0.002994040213625221,0.025423936680251953,0.0014206406345739502,0.026521724563987766,0.004490272169156813,0.0017533229239532298,-0.002449733204707603,0.03694298018008,-0.0024288444960997137,0.03593385200925992,-0.0035816875671841352,0.044840710164957095,0.15483009152439645,0.08173341333642678,-0.0305530338484519,-0.0006539746077286837,0.03324740558597855
-0.012517204524626149,-0.0235314327495221,-0.005656394037124322,-0.029747545875158272,-0.00106010952788301,0.017214163604112286,0.0018255771884506766,-0.0034931915484566873,-0.0006095420644302896,-0.005587128032367961,0.002718546962488404,0.00837771933480471,0.006028498984467193,0.006570853111784624,-0.003268262863297975,-0.04287577098467016,0.001496818158766776,0.02714517273124576,0.004739511179903033,0.0014285265334899285,-0.002472728178010722,-0.021195959758230055,-0.002638286342808701,-0.021993938162099384,0.021287470113450314,0.04472225186958033,0.15891873513686616,0.016568590845153434,0.017166146386632046,0.007602160101810562,0.008677149610398088
0.021500063051443,0.03792168045122273,-0.0052981751192166075,-0.030370348661550226,-0.001019199171430873,0.04856101217130088,0.003153999985876383,-0.0034392128706753917,0.0017989175599743134,-0.0065005569564106315,-0.013759724446823529,-0.005627966460438462,-0.05006347315753645,0.0066171803347681,-0.0032094142327163304,-0.04305721234304444,0.0014443323894335841,0.027191772118180864,-0.01872324524455464,0.001549757822485106,-0.0025046637330533453,0.03702361234389703,0.04238506001622794,0.0057232499423752895,-0.03052798967194186,0.045040033561044,0.03780180467042122,0.016838141917712966,0.0025781826633960252,0.008723078010546604,0.026237872961434316
-0.008519651788684449,0.04297902780474178,-0.0033290874190826636,-0.029266880164350435,0.00983338059665971,0.01202283927010452,0.007413354814044347,0.07232251885777802,-0.0002919961542530899,-0.005027002905593661,0.018676499721019122,-0.0063295844735489345,-0.053507852135291065,-0.022563318716421716,-0.002756831838273436,-0.03850654783286402,0.0011373864851296517,0.023582336674684644,0.003818677333671242,-0.015355237167076641,-0.002101508696633001,-0.01998523825143763,0.08105871632624542,0.03568518208973973,-0.0023659296403822873,-0.12168282565594736,-0.2083663923211627,-0.05320177114121444,0.03072208547766492,0.0026312569934686873,-0.004928235938483849
0.021168925010285722,0.008290776684792335,0.011382607412737101,-0.030870760861297464,0.009933423729933,0.016049414479005007,-0.0005341753810948007,-0.045850728947886214,-0.00023363647158633315,-0.01452959307787291,0.002834057854346396,-0.006317208670707891,0.006381713668104986,0.006846075999829835,-0.0032786556157606466,-0.043794259758942966,0.0014423999273687198,-0.028066115258952175,0.004827473202098604,0.0017138691750244145,-0.002367230651089935,0.0383163703684453,-0.04831481630837901,0.005814854704789302,-0.0049672599139959014,0.04651308509568324,0.04023132350633494,0.05292904418097446,-0.02053237933837287,0.007170897701017091,-0.00706164722001873
-0.009861860826428828,0.03241576092115746,-0.004442440809633916,-0.03185552168344941,0.0068497107295305325,0.014339527925478315,0.0,-0.044086262005950304,-0.0005294412583898256,-0.02211940797253059,0.0028551622563833734,-0.0053633129311138885,0.00617572278335926,0.006488516383110887,-0.0028766306745493667,0.024707376301174876,0.0012545492760495983,0.025850974217969284,0.004071433618188128,0.001723120814095744,-0.002411794476002423,-0.020586005865943124,-0.00279217174921778,0.06937138849725355,0.012518802650906586,0.04324108799373039,-0.0798173425734162,-0.016180589825122157,-0.07737145199957535,-0.008017310103214478,0.052107105700837514
0.02046498539340688,-0.02093827672094951,0.010619822323805298,0.011196292855669173,-0.0015143083168702618,0.014844627088510204,-0.0013887214187766842,-0.04402398579103343,0.0001786183794139767,0.009514268962970614,0.0026301273542542196,-0.007086607362866908,-0.05343603868322941,0.0068370927714440895,-0.0032120619549097416,0.026864320698431008,0.0013173544122726333,-0.027148906935548056,0.004695742879821774,0.0018151439043942166,-0.0020890069703357406,0.037468884645707703,-0.04570138180128114,-0.022514398876875428,-0.004981959358729998,-0.04252464467405626,-0.2326216387090428,-0.01678069252451686,-0.019767538862281022,-0.009500686089164942,-0.05917011922520726
-0.008748774574135745,0.04618271252740859,-0.0035606837285254204,0.01159883540468982,-0.0011667368692421648,-0.01304143582409697,0.00683996441519371,-0.003690309612194946,0.00032401271321696437,-0.00563700978290633,0.019645195756985263,0.008616024986819668,0.006377868030242515,0.006578998432389482,-0.002824017790107837,0.023625037915849974,0.0011325585789992321,-0.02483913345227882,0.003766629568179097,0.0019715833929861122,-0.002111225163546908,-0.02001985476449952,-0.0028909677423209026,0.006209704776954435,0.01856304914963245,-0.120237609069952,-0.08429454508379515,-0.054177188912673736,-0.007354368634224218,0.0063533745492949725,0.0033918988632871683
-0.011150459432029445,0.03496978902109335,-0.005247366292739107,-0.028083944247342604,-0.0005649883176600578,-0.045293197766404246,-0.009202888045749792,-0.07758170703159362,0.00825336806124071,-0.007532904506677065,0.002585091818544981,0.0062123407828134705,-0.04246878665806625,0.005935895488041788,-0.0028737145318842726,0.022569853389448863,0.0013874030560050603,0.02515027547129341,0.004199923147607059,0.0012890906280190728,-0.002553378286791562,0.032429225020835326,0.1228293224735674,-0.021694704984448417,-0.028304586888540425,-0.03475065890595559,0.03012093642571664,0.06525860513185906,0.038507185917494746,-0.021865489543110673,0.10719324170567025
-0.011553795031593334,-0.0212287620991775,-0.004917793673565118,-0.03111300501512928,-0.0012074251563162415,0.0170264465386805,0.0008436292618403431,0.08191900481753069,-7.14400148381398e-05,0.014485630844295433,0.0028997519732331103,0.010267008994889592,0.006497753962483965,0.006835812657806237,-0.0031497462731658542,0.026735149867791106,0.0014661251023872814,0.027321275806549323,0.004668207467753827,0.0016774178151946245,0.007754192241233133,-0.021686383072808554,-0.002596791486324537,0.006101186126426569,0.01803989629609857,0.04625547301748644,0.039462077671273785,0.05294346112555368,-0.017815382619992333,0.007458525391009925,-0.005169125838771937
-0.011576929334671644,0.00795157528882501,-0.005082035793223835,0.01130674038236123,-0.0014132408210288873,-0.04726871339885673,0.007350273589775946,-0.0833989891821737,0.0038376071543197014,0.010781553137656606,0.0028501656104668823,0.008962349224229536,-0.05426892155765659,0.006767966698502417,-0.003215493985770225,0.02681603608581214,0.0013738548138866127,-0.027598197561962468,-0.018575275276075772,0.0017805287718294423,-0.0022573179327277323,-0.021653584002160085,-0.0029382081231210133,0.03761428321736431,-0.04417170295580158,0.04422521590927514,0.04007025451525292,-0.04506887436952766,-0.010872554472060474,0.005294320460252136,-0.049479433269718265
-0.01140201352895599,0.0078331940096795,0.011135166378789984,-0.031207713506287156,-0.000990636305760341,0.04849182285786176,0.002128094545493419,0.0796996946793724,-0.0006569175863539108,0.017366488210416486,0.002644289612375851,-0.005896070988362443,0.06214925926877769,0.006598584096532291,-0.0031347761635462873,-0.04288507086798492,0.0014167016690273288,-0.028270962436575103,0.004445950332597349,0.0015832306430473189,-0.002469346721330973,-0.021048493131019697,-0.002769039795819793,0.0059283534440045865,-0.0048747534307598305,0.044567519904529194,-0.082945909299784,-0.04697752438688686,-0.02071489930949305,0.00879243981032434,0.04136668405521824
0.022050448880251795,0.03799903716380167,-0.005486420273062475,-0.029638812835047636,-0.0011804311297056729,0.016124846359507273,0.0010357825230042496,-0.0436305900615192,0.002252180355646387,0.011914178684449316,-0.01326321464449292,-0.0059007832407920605,0.06064763396077727,0.006596516777215251,-0.003287247669894323,-0.04300499484320993,0.0014720931081214593,0.026822951445659243,0.00471605864307407,0.0015115124009449567,-0.002310260484674736,0.036275688657065236,-0.047286288386526654,-0.021275630109900075,0.04486805026065246,0.04490358706675065,-0.21318146654460254,0.01663123681550529,0.02354999704427579,0.004102176599748548,0.009067309699836046
-0.011918437614972431,-0.02245926704564729,-0.005517991958704425,-0.030683811063537736,-0.0008022044184654177,-0.05094763405958619,-0.008681050997645823,0.03827573801432312,-0.004524262419999264,-0.0071641956247281095,0.0028123018051081383,0.007520884286738776,0.058356860707939676,0.0064650682661152046,-0.00314330506133752,0.025161037430288333,0.001430962085107344,-0.028035005598499606,0.004431101073755456,0.0014518692152693106,-0.0025205476580713176,0.036111823857616,-0.04756767293676884,-0.024286250795937755,0.04233491067174336,0.042660246863991044,0.1478582041446311,-0.013409229896443574,0.002649690670317337,-0.011205054751449785,0.04632128451154796
-0.012086787563099546,-0.0532109133935862,0.011246178083426466,0.010686305555125293,-0.0014137830913266444,0.05036009406746301,0.0020919936486834623,-0.0034940913852024706,-8.216652825605431e-05,0.007868789373518599,0.002575032375466153,-0.023679522368599968,-0.04903960370385688,-0.022755992058023315,-0.0031265721133818454,-0.0425102908475437,0.0014652103817027154,-0.026836374656911785,0.004819708690073353,0.0015135055877166731,-0.0021457010408260715,0.03635149824375096,-0.044667938180735854,-0.044424765396579045,0.04626191218307608,0.04503209243457466,0.16902758452180716,0.08082648256942122,-0.005435887941385492,-0.005468675302607337,-0.04112443119444306
-0.011173708674765234,-0.048433414380102846,-0.004957409083539562,-0.030981060642417905,-0.0013072540329251133,-0.046258810529044306,0.008619180302540342,-0.08666024628228067,-0.0008908614955167617,-0.006556581935262078,0.021976507258760856,0.008808003117629278,-0.0540265299522424,0.006771475083195197,-0.003267795377528503,0.026448337760796768,0.0013302621759398703,0.026773068853112075,-0.01789633092174799,0.001775033745090216,-0.002333053616425382,0.038223078871015774,-0.04789169215623322,-0.026196346924987082,-0.004587597164297834,-0.041519229179610824,-0.2200355710414836,-0.052290270564439856,-0.025835047349673023,0.004719715462320871,-0.011267643212602207
-0.011139987992549952,0.007891894724417647,-0.005278038512209078,0.011073232023329849,-0.0005642820660780101,-0.014910521116392716,0.0020648503774474396,0.03562986853209195,-0.006294583661961159,-0.022205058178868833,-0.012669720285852679,0.006072451892486933,0.0998079304301356,0.005833762578081397,-0.002918721227039344,0.023532531116823928,0.00137278708359584,-0.02639638722261135,-0.016062815048945776,0.0012224288418662525,-0.002474875786985419,-0.019006490266109306,-0.04472515715641856,0.03375908169899521,-0.028357991788218698,0.03952099772189174,0.03140846279306091,-0.03781602255330367,0.03941707924992501,-0.023424974381249845,0.10082126547599704
0.019040554634338805,0.005700708029450726,0.009773880354811599,0.011447533641331869,-0.001450208762029466,0.013365887207672726,-0.005817366169075352,-0.004783416606210124,-0.0005868533378230597,-0.005737134330941187,0.0024484449721697337,-0.02375280694059133,-0.05293516722479228,0.006673487337323371,-0.0032306162786426415,-0.04226492778046373,0.0012892594784873867,-0.0264458026971648,0.004457980737368274,-0.013732432599037824,0.006692981995624293,0.03711216446962228,-0.046418874525003456,-0.04596728806610093,0.034372069864955314,-0.29632401473623027,-0.3583308586940458,0.01865538482334088,-0.04170056071237205,-0.009607292451235212,-0.029641674479541025
-0.01226014522349291,-0.056354280308254484,-0.005714271571489319,0.011200128226620512,0.006778050066700256,-0.04993369267198059,-0.00325627472056374,-0.04421820243940297,0.0028343264659955745,-0.017247976098764214,0.0027329713912505526,0.0073878334859517995,0.005704254320789736,0.006287450097850336,-0.0031565233837192123,0.02498060214613656,0.0014259769514605566,-0.02765209187060532,0.004557356046184919,0.0013590216844320945,-0.0025911471636489796,-0.020441770864079695,-0.0026025580506399853,0.0058150830286889865,-0.03171508065617741,0.04207152979674223,0.14328870735491125,0.06951383634291462,0.011718367986003597,-0.005214445298794038,0.04097868050236492
0.020662894840167208,0.037438681403780205,-0.0051992603389938215,-0.03078613790872135,-0.0008646151129726498,-0.016098912407707992,0.0036506698956497038,-0.08748292223394215,0.002244634749812463,0.016421574920289023,0.0028974156769402937,0.008252772365008721,0.006173480944427207,0.006632693456156849,-0.0030513372217137458,0.025364031891280663,0.0014585551107957346,0.026738809991571223,0.004540388300894096,0.0015305795315889343,-0.0025854226370538966,-0.02066637454443893,-0.002515012196384022,0.0063951617043070475,0.0189470733581416,0.04330767748457109,0.14886358665992622,0.07851707860212345,-0.014771871482271243,-0.009228451397041716,0.04715547578823126
0.022161088503073016,0.008086002682801248,-0.005190596293021254,-0.02722319789272517,-0.0013386853427285682,0.04909429294066605,0.0009062367774876287,0.07478322570830859,-0.00048239206170062676,0.007933881582181371,-0.012371649631066985,0.00925126693747448,-0.04889918426131841,0.006641005315045465,-0.003176987520926906,-0.04269691334099782,0.001416440397910358,0.0259569316162093,0.0047815553407560794,0.0015031346968076805,-0.0022531764926924953,-0.020680581588036637,-0.04383487104633669,-0.04437695147129393,-0.057638659763313754,0.04452397848329278,0.1672631007001904,0.01574105906573278,-0.002239774307828744,-0.011192725302890554,-0.027804679194358084
-0.012426245403023265,0.00819872317461802,0.012695267858027104,-0.02962319003631899,0.009051442884136049,-0.048927375848703686,-0.0033009354808703033,-0.08176968724552232,-0.0011799205023576697,0.012465516962301257,0.0026716344922646943,-0.005423073551508723,0.005911978876666488,0.006622223688351159,-0.003292545916611461,0.026423238522107144,0.0014593441551953564,0.02714944516058675,0.004713862057136237,0.0014888440402651075,-0.0024071804764086596,-0.021104128365543123,0.041940471042129314,0.005644971416943523,-0.005574573024206227,-0.04050998384516592,-0.08544189599429625,-0.013374104160511676,0.013541319721847621,0.007449753725340688,0.008507566406672745
-0.012019079025054278,-0.022979392966940158,-0.005157579098141147,0.01130836757116488,0.011343539555068113,-0.016641056289944153,0.0014965141756495832,-0.0035887035825161065,-0.00039086406132421783,0.010112096534178426,0.019653084770890315,-0.006249028986330663,-0.053152389878540304,0.006947544793453657,-0.0032404457082706416,0.027183386631300186,0.0014328013727301404,-0.028047039724591254,-0.019197094147870908,0.0016976524350245758,-0.0022427808796360743,0.03806080339226004,-0.0026890171413688282,0.006025696862456573,-0.028065162522244055,0.04542427463794582,0.17452528261332492,-0.0443682782817149,-0.011163593818670142,0.0054964831583931995,-0.03773478064638795
0.02195406224786771,-0.02302603206107233,-0.0057648904634569195,-0.029297445321240564,-0.0011450486835913821,-0.0455399079468705,-0.0006782875536758793,-0.0798444716970426,-0.005007479133984882,-0.006117125124158093,-0.013857586374512594,0.007929922647747348,-0.0490012235437369,0.006395326463395503,-0.003321304790547265,0.026433477107827126,0.0013824273020121235,0.026761412891636895,0.004574308702678256,0.001458778005237471,-0.002377799874300364,-0.02106335027312159,-0.0032233738305494195,0.06349613764079139,-0.028067722175120553,-0.040888796483634166,-0.33182306566685293,-0.04239086367104664,0.012929388485805188,0.0009589347215997557,0.0071540368504452445
-0.010685390115365977,-0.04927991559980495,0.010143299580094776,0.011615766415915859,-0.0011863050221797048,-0.04490964918495144,0.004719570489980608,-0.00380270621993739,-0.00026502669537639353,-0.005675236944321205,-0.015136721398887882,-0.04101091946428457,0.12057553607041853,0.006508786808968663,-0.0030393350288902936,0.025316471632286834,0.001366245671009373,-0.026790662630492953,0.004412964695486054,0.0016502949933937241,-0.002216506545945408,0.03666883792082545,0.1298652991093812,0.005212373974774053,0.03333474377092264,-0.12545192326369203,-0.3350126642115661,0.08934628584877047,-0.010882688547491783,0.006867698352661703,-0.023002501438789708
-0.012376327873322088,-0.05709569916610077,0.012174919155705318,0.011346670770126917,-0.001236162826159869,0.016853769563550093,-0.001415353006836496,-0.04442719142658644,-0.0044002683209578425,0.011924641206398965,0.002787619283729473,0.008561820549967672,0.06267853410685825,0.0068396095737808995,0.02811829367542192,0.026832906649351656,0.0014746311531191661,-0.028198001339513286,0.004770125837433699,0.0015805045230899714,-0.0023448982339233115,-0.02152520173464197,-0.002609775814031725,0.006148484923086364,-0.029346127680950313,0.04465997018304348,0.16677745068285477,-0.04174157843987309,-0.009231988288049239,0.007721214260037726,-0.007934481113111569
-0.009326854546886676,0.006116913436273791,0.00854618251240084,0.01170237819673256,-0.001237117124540806,0.042327048350636366,0.005880266487961688,-0.003965179182173019,-0.00031033171684018244,0.013495037954453804,-0.014295335518507517,-0.02169170855550493,0.006330301225650536,-0.02249600251551365,-0.002874449788355567,0.024837104878392014,0.0011935753272049065,-0.025887813671043806,0.004012557006797335,0.001887946467939832,-0.0021867898765917876,-0.020569051196481627,-0.04559657203544125,0.03785343917561196,0.00955666481033202,0.0437001958193818,-0.21146258581154972,-0.05353015785355191,-0.0036433397275333745,0.0064131508112297295,-0.005357444723686905
-0.011473648551221545,-0.0501881748485093,-0.004808545043869047,0.011842808368143975,-0.001256670280808726,0.04949103065848427,-0.0009577006645479899,0.08031643985140903,-0.0001657262326307974,0.014128803713926543,0.002762178270235397,-0.024144745191305977,-0.052786834207724065,0.006954681129622094,-0.0031693279146012025,0.02698632476767304,0.0014258310976349815,-0.02832352317363606,-0.018530841754543777,0.00171940043622758,-0.0023279404854429776,0.03791747628723292,-0.002698495768941218,0.0059393240415820505,-0.004593377348018082,0.04610777009569023,0.03991371660337847,-0.015199950691310514,-0.022515022597301048,0.00712680261595304,0.00811515621418675
-0.009068359524963345,0.029485849554540904,0.008123254855545709,0.011209433030030932,0.009784504077650245,-0.013070459015707702,-0.0018739107106527408,-0.0030818872937237126,-0.00021813064514832815,-0.004439629369795469,0.0027911772549629806,-0.005732871903494765,0.006575349644820335,0.006536908636450391,-0.002789490436906903,-0.03950321608780999,0.0011824086790726577,0.024117928214399696,-0.015927070431709496,-0.015202687576570144,-0.002121451824889082,0.03549382022974588,-0.002453558639262532,0.06942537499833064,-0.026407604786471025,0.04278826291936798,0.16004571467887338,-0.04994920190476809,0.032897891527362624,0.00683666878382472,-0.010637200712186046
0.021082173713345483,0.008090448042510388,-0.004916619497006973,0.011575905288373945,-0.001320951725790241,-0.015943814657627235,0.0003499839843641514,0.0768724561342862,0.0,-0.004480119049230347,0.0027976867279709177,-0.007032720382995502,-0.05253487612172783,0.007007689703230878,-0.003212686864635072,-0.043612534180501955,0.0014527459422030745,0.02688599653976093,0.004838034107128661,0.0017150404654308888,0.007318883506659609,0.0379954160916195,-0.0026739666280456305,0.005547264664753715,-0.004796269167422196,-0.042864991671233324,0.04064442010815576,0.08472573636964788,-0.012689105715465514,0.0024090552257438106,-0.0075917403564030594
-0.012094305242665047,-0.057018546286184114,-0.005432394933736453,-0.030967394896613706,-0.0011861912510718394,-0.017198378661770992,0.0006646596104376424,-0.047275406667502434,-0.0005063951589775516,-0.0164940737388637,0.0029220775172552143,0.008571262798325525,0.00631146025582702,0.006753650274462409,-0.003289136456438362,0.026862554444609395,0.0014574237529170202,0.027473763255577825,0.004746898085937227,0.0016052444950982266,-0.0024219654387396075,-0.022053286997422053,-0.0028536676237727846,-0.024816727324087275,0.0183345384516967,0.045214604551441315,0.167194578202478,-0.04810021448342282,-0.01789890171504746,0.004529471343432577,-0.006863330296873426
0.021653523217615718,0.00828730749108289,-0.0050152183190245595,0.011303327252277603,-0.0014116445019578072,0.01690854615764304,0.00033589647891451533,-0.003704048580389502,-0.002872852697058281,0.009910653889903245,0.002662670205302223,0.009319117964343591,-0.05271743279386005,0.006976002939950265,-0.0032130937373794806,0.02692380652826144,0.0014284410825836503,-0.027717656654634482,0.004813853951435143,-0.012900478895408058,0.007253002161040096,-0.021763087310093004,-0.0027078922350004813,-0.052716092898901334,-0.00512108363151752,0.04559863431010477,0.1747754340345197,-0.04808008123698002,-0.011198729254204006,0.004626925442115676,-0.03473165764593808
-0.012354074265621745,0.008760891448125672,-0.0056706004629921555,0.011217463995178138,-0.0010044950363981271,-0.04942369046293167,-0.005048863631374137,-0.003063131909758641,0.007066048818687705,0.013080907815872941,0.002724021716086671,0.007930278244161202,-0.04879341416445966,0.0066285364089093465,0.027563814748425453,0.02608184545164623,0.0014779311032804242,0.0271532997287526,0.0046688081147076834,0.0014821866977456882,0.007791692969619822,0.03614693542495653,-0.002457002162837628,0.03525319381013256,-0.05576543446281724,0.043079337833803896,0.15372177084652136,-0.011290814258410869,0.008609022858763483,0.007910411903037295,0.02993661420898544
-0.012108367264609461,-0.023057738461788397,-0.005528734501596759,0.011622586362947504,-0.0010216344426761733,0.016072434049994873,0.0013360718460041611,-0.0035085557300795303,-0.0006801947922068985,-0.017134505904062288,0.002733649051060798,0.008537560294241485,0.11337521297668172,0.006522652456059966,-0.0032400577861942167,-0.04296171421725567,0.0014669538719009622,0.027144694111736888,0.004664414584543628,0.0015011290938774238,-0.002426484725679523,0.036871040212160255,-0.04772586445520742,0.0330705515509294,-0.0052317674274976285,0.044991162568068864,-0.08365820446432669,0.016448673538987064,0.0033595842796497843,0.009238650052213653,0.028353692440826417
0.022192945664131034,0.008529931749509981,-0.005434008524791868,0.010304941859278185,-0.0012825462502331836,-0.04835277092669829,-0.0005782958446235321,-0.07961195328169392,-0.0004087333495385566,-0.0019927087821303246,0.0025655402432762583,-0.005666292577168374,0.005853514435197942,0.006533723270603111,-0.0031880231186227057,-0.04143799092547914,0.0014732755263457257,0.02521840707222917,0.004829020667686152,0.001452591426156454,-0.0022037691959005,-0.020540667342376123,-0.04386337891889092,-0.04524612020639068,0.020116269735033086,0.043495231899156626,0.1664710168183046,0.07405504135278139,-0.0051313486822472335,-0.0047698141315974845,-0.042374318486301465
-0.012136503887054341,-0.024329401168739943,-0.005471963916609879,0.011578916316442837,-0.0011074794341197646,-0.016550041429137036,0.002567618115249989,-0.0034401953458409046,-0.0005144782498066281,-0.0161735513625725,-0.014369248185530526,-0.005358740989833413,0.11673026539388008,0.006609042594883009,-0.0032595909300025187,0.02670017594577554,0.0014600253285845593,0.027212887430156714,0.004721835080604252,0.0015289609257917757,-0.002421130632610496,-0.02160509029384215,-0.0025979211387072714,0.00614340048594212,-0.029830583195545685,0.0449187737480878,0.1629742056424796,-0.042659288033885925,-0.004198143955299462,0.004857675908387156,-0.006699458176466971
0.018452878344421924,-0.04320243335676355,0.009253146626990916,0.011672705374572483,-0.001337500083523121,0.04614967415122137,-0.0014869714289536123,-0.0039299506335933035,-0.00012221429527914062,0.0130755011696325,0.0027529762492839354,-0.023097963255193213,0.0063599535905280325,0.006891520764324698,-0.00302771931458451,0.025671647136613088,0.001302646976927298,-0.02682514962256937,0.0043516166056553835,0.0018657544674119443,0.006938900586585144,-0.02111042815124527,-0.04661051997049821,-0.055023726301578486,0.028262502208693453,0.044586328370551535,-0.09052010291269694,-0.05377547119572481,-0.032003781211552444,0.005766648834211644,-0.006674458539954409
0.019208953369691736,0.03534413663976282,-0.004258232264524211,0.010769403552706336,0.011855386326052583,0.014672188063445921,0.008076942255574641,-0.0031965070365103775,-0.001143227298768445,-0.0084314694959571,-0.014124076783187547,0.010103191401250718,0.006384235299726722,-0.02239278503289029,-0.003087189397896477,0.025372829906069,0.0013309188417258396,0.02479972737411623,0.004516703196085261,0.0018039116625301796,-0.0020459265619521432,-0.020853765870676614,0.07934445619542758,0.005326546054139808,-0.023725027048932503,0.044651298459263494,-0.09134125153183813,0.08546117055143006,0.0183152929997337,-0.0005665559955570904,-0.06626904249608898
-0.012383883334985904,0.07103250779695924,0.012168056270749702,0.011113502276574271,-0.0012644218681947426,-0.016391086202260503,-0.0008185815544719674,-0.003555111451373886,0.0019264228809656263,-0.010398936424460836,-0.01331288464489753,0.008334048319367543,0.006120748229505187,0.0066279612039629714,-0.003301037288651555,-0.04302693853471736,0.001452690353452377,-0.02762116579145112,0.004798834472575845,0.0015290346792839788,0.007221152101273939,0.03690118270493894,-0.0027303408461784523,-0.049802878425122474,-0.0054355769114696655,0.04461193378219887,0.039737767965429265,-0.04354401191873402,0.012391982768088816,0.0028029361796184345,-0.02740773419584576
-0.010986361117222216,0.007829610829279885,-0.004572094990569114,-0.030822727154028055,0.01078584169617629,0.015755885116653854,-0.004861209997660579,-0.00368335033087461,-0.0002339041681238175,0.013096577720816755,0.002835357701404121,-0.02320482925997533,-0.05499682159641783,0.006964052182820162,-0.0031741309694382036,0.02704852969228359,0.001357610459357537,0.026876133467219367,0.004608740604378999,0.0018291596206465501,-0.0022877161110643513,-0.021932041419285443,0.04184305935203794,0.036999808319248186,-0.023716876112466843,0.04606267867349142,0.04079556259261443,-0.04925287623767817,-0.020365264933000476,0.0070748149517667535,-0.018584850597907134
-0.011635601384504098,-0.02125775153679598,0.012252568613384456,0.011326083756053974,-0.0007061016756441577,-0.04770324328612802,-0.008646752245124767,0.035470206869917,0.0077692978854410205,-0.007859531731093461,0.0025687214372178825,0.007181058193429999,0.005501164379782222,0.00618322673746778,-0.0030368327270007033,0.02422517388576866,0.0013501829913730315,-0.027425274109866626,0.004222694547223093,0.001335350993744006,0.008010856837752092,-0.01961429927176444,0.08381920209626897,-0.022394551324966375,0.018561265739238622,-0.03729521077429165,-0.07225062345671873,-0.01276528152417613,0.03951768476428838,0.006155458650745832,0.0879558958740406
-0.006232736082673974,0.003890446166455882,-0.002670713453131217,0.00839177038948052,-0.0005211917345624991,-0.02688193392898991,0.015499420054664361,-0.03241801077335134,0.0037076655595037807,-0.0014052271775537855,0.001708665738718541,-0.003885908499605001,-0.03902805347356484,-0.016628341473515884,-0.0020609359707888233,0.01660565267464586,0.000870809682301316,0.017536313554444537,0.00257869795825091,0.001510455909988237,-0.0018310750375549357,-0.014222875517759763,-0.001877740856079312,0.03047651115096017,0.003546313334332277,-0.028688579057758633,-0.056184636191932834,0.04739261592746114,0.2135406356034822,0.018688085977469616,0.029736524262744646
0.02152193992838998,0.007792516014723873,-0.0050225621779121455,0.011329844175836311,-0.0014815596044029102,-0.016743899166454666,0.0010560676851524792,0.03671295436093141,-0.0004048071188652311,0.009370862158393839,0.0026619801138818328,-0.006958892807101104,0.006300091203260976,-0.023919256928319244,-0.003277186773825791,0.026869020955448273,0.0014289399174730044,0.026747564830267228,0.0048081397250941925,0.0016915301323741586,-0.0022115268816454347,-0.02162137987423283,-0.0028618655006441528,-0.04925772424968712,0.018012931347460685,-0.042619485192521955,-0.0938927327755769,0.01772337402699448,-0.01437666639459361,-0.007576161302680511,-0.04339384347852249
-0.012152109940863331,0.009069039540036945,-0.005554146424235455,0.011341807279230426,-0.0009479636154458439,0.04831124975759042,0.0044898084825972275,-0.04391339150500007,0.00459959032739252,-0.017178976771331976,0.0027012833100239987,0.00808636059569956,0.059108327000437784,0.0065335399724131445,-0.003233984988322172,0.025999020678803594,0.0014942668489269636,0.026820559109816757,0.0047189477207626816,0.0014658751800209157,-0.002437125603519429,-0.02080252168841065,-0.002449755096821105,0.005939055790556954,-0.005118933886412127,0.04442089228475555,0.15598053533358752,0.015917639216108753,0.0202165294333543,0.007627276293597352,0.027571289245123254
0.01973493800492456,0.03818911210760112,0.010352127919911351,-0.02259220554893331,0.012252153076262371,-0.04045467452998648,-0.00044094585457201405,-0.07122465569594968,-0.0004011960794538787,-0.0006707746343666238,0.0018967263699191518,0.00747025706169666,0.005315129003022439,0.005528062400051353,-0.0026957747766937885,-0.038395491956851664,0.001227981923922976,-0.023014375468312642,0.0044711501975461,0.0013263206005477857,-0.001755954553089589,0.03234972351831226,-0.03570712701944743,0.003975116289465189,-0.050657288459551475,0.03960428729303111,0.16232957744531015,-0.0385457815500023,-0.01632385213904983,-0.009375369429875349,-0.10698782193082196
0.020774710347872732,0.0344708927330298,0.011556766014586628,-0.029654870045684335,0.007028675956331721,0.046379258081080385,0.0016345123195094025,0.07457934561582129,-0.0008564710026499749,0.016327592810134624,0.0024034336268740054,-0.019069779695688658,0.005769481797291402,0.00630732924827527,-0.003085895777391673,-0.041082308450010666,0.0013998164688484656,0.026484509979615833,0.004332446466954829,0.0014043399407603458,0.0075234242491229765,0.034549258938290243,-0.002592046176576576,0.005474192625000779,0.019062023385130637,0.04290054112470195,-0.19134505604998875,-0.042227724575826124,0.04436016984072066,0.024541464204561485,0.07273812469807439
-0.009781281233369042,-0.018406640000262396,-0.004368742605097739,0.011824157119301995,0.00848626836697706,-0.015030102950036752,0.009585406956634282,-0.04568322482014,-0.0007410208050757189,0.01651193780213511,-0.015074005220418957,0.008332368014208289,-0.05304302610856376,0.00635571400121906,-0.0029132311041105904,-0.040655108153703365,0.001250436095114689,0.025721153989704735,0.0039521537181983115,0.0017849149686761975,-0.0024866565417193507,-0.020879636852161286,0.04073974207369946,0.039449803012110714,-0.030194610685219787,0.04215985387741585,-0.19797108420612478,-0.051988920347901514,-0.013878870048269518,-0.004295860695690123,0.014022759945831742
-0.012032718529983293,-0.02278104587385822,-0.005311706043934171,0.011966910228234495,-0.0011936057340454086,0.016444532466373552,4.2102595654750395e-05,-0.003940192501509138,-0.0006071750560865097,-0.016077960453882566,0.002830197423500606,0.009137719828076887,0.006294634824733263,0.006872619282972407,0.028767844178134258,0.027023252374515975,0.0014726872660149098,-0.028684993506944416,0.004769879302158527,0.0016584692321205633,0.007787883488901912,-0.022031591896867538,-0.0029631960663514174,-0.023907193625718675,-0.005080158764029921,0.046004050508523214,-0.08960232501947622,-0.015797215572619837,-0.01927945207247959,0.00613858930796841,0.007073400731021667
0.021219638705685183,-0.022551008704435573,-0.00502382107005689,0.010392067520059911,-0.0015572500028946442,-0.015757401719355656,-0.0003410616075677343,-0.041967365666539885,-0.00017289652834173776,0.006467408088941923,0.0024609015620665766,0.009866395680754666,-0.050086306807347686,0.006438167416608345,-0.003214808002995512,-0.043078577607969126,0.0013395152648986166,0.02527244493326838,0.004702402463357778,0.001564036279685388,-0.0020300418386892767,-0.02074560387923099,0.03799908756335709,0.05403725851331211,-0.005670367854957538,0.04463197828860434,-0.22660041883414106,0.01632382279517896,-0.017528830826093366,-0.023304890666833573,-0.1024364639543445
-0.011298002562399162,0.00765314975806032,-0.005335066093150216,0.011254184441243082,-0.0006570371314304895,-0.015496788524532748,0.006148684995824902,-0.04270343468681378,0.00426171033823881,0.018642668037995455,-0.01264520297776733,0.006471570955422949,0.0548445115770667,0.006067713439513303,-0.0029974341740976835,0.024039206649363123,0.0013346338478535025,0.026039116138496805,-0.016403578827650294,0.0012601416948640595,-0.0025335879180351864,-0.019228908714534153,0.04074640751741032,-0.02296885348714567,-0.0049607805081228785,-0.03644899910418668,-0.07024283967456645,-0.039787293142807316,0.05107352551928212,0.005062515048775332,0.13394986256020786
0.02159717272068806,-0.02296994416849596,0.011406821233186582,0.011561660769263961,-0.0013591470957649897,-0.016555047826311495,0.0017425562829242486,-0.003635063535946248,-0.0017507675006563086,-0.004647978619298329,0.0028131327884149586,-0.022305551740739983,0.006364027007276458,0.006908543865953079,-0.00327167425782254,-0.04376939753477941,0.0014481583948836411,0.026925480301792606,-0.019043263295406974,0.0016744892495863112,0.007062890003994744,-0.021811904409668684,0.041569022365725426,-0.023149086435828303,0.04006413385914545,0.045754571106171545,0.04100890598551602,-0.04748168196394009,-0.014952413799397544,0.0036246766672662356,-0.024208587033916568
-0.012304120739350256,0.00869675416105601,-0.005682877449524692,-0.029740138997260978,-0.001038055529069308,-0.049546164521962505,-0.0026027121532763275,0.036753342251763514,-0.000662787536774532,-0.015112428321340783,-0.01420027373526155,0.008288175159905237,0.005979393609800702,0.006429389227367043,-0.003229327045410536,-0.04240435240014848,0.0014774033559635071,-0.028081273610208,0.004671482717082763,0.0014321532018372637,-0.0024784968846280537,0.03669837806366076,0.04148179477993906,0.03288301634648171,-0.005455907374501119,0.044147124491154675,0.03714456144391222,0.015719902129973082,0.01159561004793209,0.00886462630737368,0.008532649936447312
0.0209996070648244,0.03830513721226811,-0.004742951082760566,0.010820527340323882,-0.001402616681925372,0.016291616160191022,0.0004199430462479236,-0.002768540762102345,8.684807715621781e-05,0.007670270519458043,0.0027143183859960683,-0.006532547487289661,0.006640587470036477,0.0069528667091832965,-0.003091257686356351,0.026502640954693634,0.0014351006151254357,0.02604093908224424,-0.019380974606392647,0.0016985321652231039,-0.002178636087121303,0.0370058349695358,0.12155370599497112,0.0057881792905985436,-0.05432444826958829,0.04560325521533879,0.17269331571951524,0.04594147708686736,-0.0020913163490466798,-0.0028540822754257035,-0.053863055558558304
