school,sex,age,address,famsize,Pstatus,Medu,Fedu,Mjob,Fjob,reason,guardian,traveltime,studytime,failures,schoolsup,famsup,fatherd,activities,nursery,higher,internet,romantic,famrel,freetime,goout,Dalc,Walc,health,absences,G1,G2
-0.015418041775537548,-0.002470941424426355,0.09828246203063787,-0.002354520858459894,0.0046090509693405245,-0.0012289527987428392,-0.006547454808914371,0.0074310325874601965,0.0743896392249865,-0.12602667569908088,0.026479682061262274,-0.025563607500650815,-0.0013737946083033957,0.008472420754398876,0.009644035657220853,0.00432104898807473,-0.012508158513581651,0.001102727140683646,-0.01108005874798831,-0.011115667840298812,0.002586227146680332,0.004858449297258214,0.005670069807508031,0.011086029855932255,0.03272092111904587,-0.020932662205888863,0.019626252137453802,-0.036848757313875165,0.043168636971859055,0.17270669261076604,1.5808133178968096,3.700093197796603
0.009754459560457788,0.00294342690502184,-0.06402670820559625,-0.003447911016094981,0.0035044251238067923,0.014198270618436901,-0.0022677823076260335,-0.017586751903476097,0.06081650174390043,0.015331150349314327,-0.03652857021106572,0.005295284066532016,-0.005398610514742839,0.004443653562532313,0.008417087402694243,0.003429186780338655,0.008211575609228298,0.0016393921026633135,0.01161734498906428,0.002141341067825264,0.002044091885343585,0.004765635004556947,0.008746122144933439,0.014608176411698398,0.00911129724489369,0.007884400558738913,-0.016484645542659708,0.006088534316330592,-0.013904729765032302,0.05219658378905123,-0.08575358095830862,-0.3063837749809397
-0.015781539896804656,0.002228493704456461,0.09350565152948903,-0.004283590709365608,0.004197039473887277,0.0,-0.006356583867903524,0.007143943144736446,0.07208455017113022,-0.12351464464053769,0.032194408310150205,0.004919266797420791,0.004390230309105288,0.006774781524705605,0.009959346052412945,0.004982254716554404,-0.01209279759895408,0.002468967207280255,-0.013063728732620608,-0.012165384172210433,0.0013590976726346841,0.004268185653043932,0.007246792239532884,0.0035201045287402734,0.01587633372082653,-0.08197750443132558,0.020281187490295664,0.018562433387228537,0.04886930709555058,0.01934344650672676,1.7432936876055047,3.5970784277756134
-0.017844610440423448,-0.003454528463296866,-0.06472573005466037,0.007958263715874655,-0.008711467743563406,0.014587936345840165,-0.013055780095298994,0.017862148639904832,-0.10437695811922146,0.015001025367386157,0.01878651206119198,0.005125795224014486,-0.00519868868118146,0.004071061503890647,0.00840065561735719,0.0034361353848366837,0.007583583217786369,0.0015368206545026942,0.01144709123334678,0.002145536709341069,0.0020990420623033627,-0.013622821611146816,0.008726977453945432,-0.015379824376198652,0.008671629026277697,0.032787064809138795,0.020518178685343533,-0.012562504195261866,0.057948491365804475,0.08229576862723603,-0.4126679213982118,-0.3075472113673172
0.009496189979037393,0.00266646307585161,-0.15397912384643211,0.007905763298024945,0.0033932001635165222,-0.0015576801394611894,0.004836946213395767,-0.016454798020126494,0.00856794190727721,0.015426377864744356,0.04183562882622592,0.005324587077918427,-0.005317106154040548,0.00448497476910003,0.008143223075843222,-0.03081129949528227,0.007897345326527068,0.0015558607207349672,0.011440571652320236,-0.008511115669160166,0.0022565428731272028,0.004753258178048255,-0.014935421761674493,0.010551158442865964,0.009537491062212713,-0.024012128760639843,-0.014690701717317277,-0.029697688818108334,-0.05440512495612224,0.04950752646423375,0.5592822618504952,-0.30080227448519736
-0.015532071735286765,0.0013489717895126833,-0.0582715296359619,0.006327034335216179,0.003827996949488637,-0.001303956338282258,-0.005933172741870561,0.009418393120337598,0.08341973438270071,-0.12708549346565176,-0.041095968765913614,0.005342438157002528,0.0037589939858574165,0.027018623465870348,0.00953749206701023,0.003737725180173003,-0.010613453024676683,0.0015323764161526033,-0.012122101147241035,0.0028889873493080213,0.0024520213125424216,0.005004456566822234,-0.014006618669218483,0.004998453705018732,0.03332404292937231,0.037640097182694746,0.019666150985704296,0.015559469208110613,-0.0016359809917096775,0.11950894323174019,1.3955211273091894,2.75020583826419
0.007345958517931576,0.0018303760626765106,-0.05557561768845658,-0.0018509963285018344,0.004167234994677888,-0.0006697751221155332,-0.005302568424488476,0.0033039287791910227,-0.03766537123635096,-0.04737342133620534,0.02452869487936134,-0.025454034088899825,-0.0018889804855595311,0.007901569211867548,0.009275868330683763,0.004323809539046775,-0.013065171043387941,0.002287102863371242,0.0120850620617468,0.0018173519277317066,0.0024911584696140853,0.004838928614227807,-0.01373246472443809,0.004802520144901877,0.033641376190639574,0.01712117756736238,0.01875926398187545,0.02194026053303383,0.03389358623079141,0.017675571554861408,1.6318602311359554,3.2624577417501968
0.010429452219842414,0.002359482508383192,0.10157033065400414,-0.005081200099968777,0.003214478447327431,-0.0013052912159948564,0.0034246489323367366,-0.013315947336320574,0.05459011809487919,0.01378652007686602,0.04698529995850203,0.005053744755111883,-0.006803370759924321,0.0028280395366522184,-0.10612019710439163,0.0030979607282104926,0.0060982617385891775,0.0013503955274784707,-0.011141906533149358,0.001370755142266011,-0.016560019408448937,0.004023709113266452,-0.01546683607515408,-0.017707974668841154,-0.030780632531469367,-0.04309770462977657,0.018304247396570942,-0.009198641568023603,-0.04564362223264137,0.015824747618894,-0.3973316035420407,-1.5610177262696512
0.010106433323407497,-0.0026213944086294293,0.10359599446186782,-0.00420577668568025,-0.006823346820894601,-0.0012789246243829773,-0.004635440482342503,0.008208367587263548,0.056293344500324104,0.08101688839936781,0.020747308204404895,-0.02560381639023299,-0.005543962095476797,0.004005109668572763,0.007728238877575978,0.0032957674550529573,0.005912756691986006,0.001335288688671,0.011097916305582333,0.0016638186020094196,0.002040094499892823,0.003555486427217335,0.008589511196119665,0.013883639639146246,0.043753665211996376,-0.018768909679955315,-0.017908433406985096,-0.022189932661577573,-0.011059937676664888,-0.002663759129243119,-0.39948110602928893,-0.9407898947706825
0.010106523731562308,0.0028472840532346487,0.021099909017015042,-0.003685666251329883,0.003028126978482912,-0.001645053308811702,0.006874788290770503,-0.016334916267843495,0.006763992497084105,-0.05418397926683792,-0.03611070587215888,-0.027587993166484418,-0.005880766009214843,0.004043248457645688,0.008328680684185569,0.003224950427670981,0.007828669457794469,0.001505078619129272,0.011194238668823272,0.0019254285940957614,0.0020880109875087123,-0.014325012943644766,0.008949483451132447,-0.0004888872411362722,0.008645135406784285,-0.021534669237311486,0.01863593537999741,0.0044643514157490585,-0.05763931818633548,0.07369403574370342,-0.09054848414144737,-0.975385998642936
-0.015287843156546712,0.0023591992595053974,0.027036356751914892,-0.0018757412658221735,0.00466870763778653,-0.0015215869342765735,-0.005550841966561014,0.004700715912199946,0.07233240110658189,0.01834058294351831,-0.03663749079408794,-0.022601858506076062,0.0024801236493606203,0.031417039744755175,0.009270735439324466,0.004279104473259124,-0.012287598309612936,0.0,0.011102832086688955,0.0030550721710448786,0.002666164590462127,0.003739626778263304,-0.013986771803766717,0.005693257499791316,0.034729034877590576,0.017225058285536207,-0.050153618731578906,0.02182445093912532,-0.04800514857830941,0.023946762337847937,1.778671880590278,3.6325943365971085
0.009463553992890875,-0.0037980153510024693,-0.06165744644857195,-0.003357231243212388,0.0036499333925873946,-0.001776964341832466,0.0015970833989819389,-0.0010354068949560888,0.00854062877924465,0.015458053376005577,0.01940960694415042,0.0055582009200432275,-0.004657821071436883,-0.02834178972099299,0.008220141288661234,0.0034211893535723917,-0.013567939213249974,0.001484591726431953,0.011067885435471592,-0.00857934007885323,0.0020547040700408465,0.004796345463262685,0.008541166632936175,0.0006952112389006917,0.009497316391515957,0.037559890796522485,-0.014616738362116403,-0.034623920229649996,-0.057517126221331566,-0.025862253219914103,-0.08166721215466231,0.35353791566467235
0.009450392447093435,-0.003981421880325577,-0.0621881772740818,-0.0031981798815447038,0.003603247449287807,-0.00171139327339147,-0.0014790298623743666,-0.0008244312074802298,-0.10580412433334486,0.01542006012428409,0.03745321258232887,0.005419573684252548,0.003608359286889078,0.03391151446697506,0.008588898610232652,0.0037959624902330273,-0.014210398048371656,0.0017005015329040218,-0.011455367839520766,0.00219626033690559,0.0021189130711019677,0.004931870538597027,-0.014335860647780646,-0.013016361706590002,0.009773560527499326,0.009911851571432156,0.01895467999473379,-0.01337249535176651,0.062127578484277406,-0.011956376276157194,0.2441123846861758,0.35682843280072324
0.009708481907946521,-0.0042412016000290525,-0.1492565448408455,-0.0040659521847193625,0.002829631399535738,-0.0016677151048679877,0.0023699715111515393,0.008372675058584406,0.0054157780276402325,0.01414829088940212,0.015890484054896136,0.0053244661728929785,-0.005950000447741944,0.033970505475970775,0.007545355098171293,-0.028335692856100228,-0.012652742496110756,0.0017747337080169854,0.011291999803368242,-0.007565383750383633,0.0016428750852499976,0.004640324130933457,0.008665822655363052,-0.01356661404545235,0.007433856599952383,0.03330432858490999,0.0177136250701846,0.003124101313212192,-0.05915510973263145,0.02315404900033392,-0.4175445915068903,-1.6327851712725243
-0.017017432936600255,0.001986080438569732,-0.15516969338030867,0.007587134787924173,-0.009041231417751892,-0.0015570502130527275,0.0029771472255479864,-0.0009929737439879406,0.00867235093913619,0.015604819576530647,0.019592878331593462,-0.02726947493555045,-0.004796162702736151,0.03206993727183893,0.00854692028756885,-0.0312074959772523,0.007934756510371635,0.0015709270309781289,0.01158376565439078,0.0022187531913531702,0.0020974728876192628,-0.014560781763064256,0.008491990234869008,0.0010393538112227385,-0.027274043823070037,0.009408464062182572,-0.014496667108002672,0.006753394821699684,-0.055809807778331874,0.058181967067113476,0.8845234037771834,-0.30141861663786484
0.009370020523782932,-0.004102341702777796,-0.06089626771683911,-0.0033838590095919777,0.0039010407798179005,-0.0013204663924412845,-0.010253548836423236,0.014410680488879878,-0.04378951771554612,0.015790987963417297,0.0372215261924376,-0.026546569127264538,-0.00379297343293133,0.005429913220903939,0.008644332341449812,0.003561991030180707,0.008741170357386252,0.0016583218178171262,-0.011684707257752178,0.002728004122198182,0.002332445947257366,0.004821896412929703,0.008145431234160746,0.0019655658448244065,0.03960880156849601,-0.02475437031742253,-0.014675787829946125,-0.04018054584997798,0.07796052203970194,-0.004267409869131938,0.5613945197300394,0.9965048989712685
0.009802925627095714,0.0031254951731517783,0.1007113697425158,-0.003269101404038753,0.0035464317613534174,-0.001568211520188081,-0.010152861460530477,0.018798013209098262,0.10705565579369467,0.015112149880257724,-0.033907697259607565,0.0054330860498103175,-0.004344110179588937,0.004615846345378533,0.008351862988709418,0.0034642388551475232,0.008327943169943097,0.0016596625735525528,0.011442762982847274,0.0020239725342318144,0.0019850505362232927,0.005068302084853593,0.008563442461681326,0.0006404322252782415,-0.027709097301133793,-0.02321251268717796,-0.053825782803430054,-0.01278874646854545,-0.05675152122058225,-0.015323486897368609,0.23937643792611663,-0.2994131016649137
-0.017912991421503398,0.0037636068040888255,0.0159929522428727,0.008571062846243573,-0.006933816879640776,0.015918937688585544,-0.00819672792940847,-0.01265076677238469,0.0025982513721638308,0.15862155206835005,-0.03343383636178654,0.039086492215520505,0.003057707330451383,0.03378122271132277,0.0076663558402135824,0.003359177372101562,0.008221233321623656,-0.020339561264002885,0.011242155707869227,0.0012703654973168842,-0.01645875152970775,-0.012460372840215802,0.009032712315649961,-0.003400582759758928,0.046581223599436394,0.0017479183124214299,-0.02133226545655012,0.000764664864414549,0.019914139755702713,0.042982688395418044,-1.0080886231288055,-2.8471605309662733
0.009269966873065067,0.0016967431396551346,-0.1618925162663789,0.007507270667777445,-0.009230376870303845,-0.0012264373546418462,0.003047582493344647,-0.017308263331368767,0.013386184631271817,0.017403112229337703,0.041620880546090304,-0.025964983963253772,0.0035093854530173158,0.039187109297630474,0.008806200059556348,0.0037834353671041317,0.006882261053881735,0.001954640108629843,0.011600043005398795,-0.010844636898805183,0.002165188735152116,0.004152214201091662,0.008076855532281756,0.003924858995072248,-0.023376134636070158,0.040357528221995044,-0.011888085959016604,-0.0044636398523222294,0.027947402437542478,0.11737040844854624,1.1583770770318453,2.223660577788382
0.009237851531238524,0.0020006720296294215,-0.15965802107238816,-0.0030663361996897003,0.00373846285849897,-0.0016414376705025716,-0.008532875023943494,0.013083009140911579,0.09354516523817716,0.07566716760377318,0.038886324480207866,0.005759928787950589,-0.0031873264694027605,0.006333528456758887,0.009386192084997063,0.0042549235094942245,0.007666218413070741,0.0015576460103599165,0.012051683722002358,0.0017599001643584782,0.0026397972449257773,0.004932809592067059,0.008038989450816065,0.010663122822821622,0.012110057222919132,0.013734685571187556,0.020119527187934076,0.011091644330065332,0.054955469568193895,0.09674963969413841,0.8681565338674645,1.6298466344245228
0.00966019371852198,-0.0034789354836487828,0.026841725632872383,-0.002441157044564377,0.0034897057092135664,-0.001806946263315239,0.003218117807604229,0.012734299754478389,-0.042868848536366515,0.016344128560808382,0.023140493852719334,0.00568881183335184,-0.002806546633262234,-0.02856838853705581,0.008746620496084406,0.003989636721854846,0.008703579713143388,0.0018733655098574916,0.011937247569498991,0.0024640084341991456,0.0026666064217679957,0.005221050014403675,0.008129165213521083,0.003592319985586398,-0.024506004801556493,0.014199848054319971,0.019169091175614366,-0.008378003643847024,-0.054833928393881126,-0.006445179318398994,0.881644359341761,2.252180552879769
0.009323753400058964,0.0028479225258127125,-0.060621499857593464,-0.0031966981005494923,0.003457340033850843,-0.0017434819016592185,-0.008998158016182698,0.011825475977958867,0.09680756921070588,0.0759503635046206,0.021289013062983708,0.005648683235069589,-0.00347374938194446,0.030894597373757028,0.008347474218641904,-0.03296521725228257,0.00779638720739643,0.0016872546184494236,-0.0122263128231552,0.0026905054264535853,0.0018153860857317405,0.0050864920287794916,0.008187371308847943,0.010305774658487707,-0.025501798665974736,-0.024666683829207878,-0.013474168829134874,-0.036696805296979385,-0.008194703979280005,-0.006625941625047065,0.8697367709037459,0.9991715051146176
0.009628314921966237,0.002429666426642319,0.1728198858006297,-0.002873373099889966,0.003403222106929377,-0.0013703266201796416,-0.010982193871454002,0.013506799261897262,-0.04336139135602032,0.016530679009898307,0.04072124257130956,0.029558723722274114,0.0035423162119201206,0.006644279462902193,0.009169846302638467,0.0032213563326337134,0.007912306147875381,0.0014704954836593715,-0.012002771603721587,0.0022831890932387155,0.0023602342989550345,0.005284248627756099,0.008235634485127095,0.009094217469131785,0.011357281747871654,-0.0227074694727644,-0.013649085791577097,-0.009529157288370114,0.054867790246191386,0.08368372188767219,0.8698761195720717,1.0062405843760087
0.009080324780903,0.0028261765783699146,-0.15065721043812047,-0.0034261346694205285,-0.009767864427060962,0.013130666600625502,-0.0010343210870692385,0.00985800898511902,0.009220215622633319,0.015315404738005179,0.018763833130085377,0.005347599455773085,-0.004432780277701429,-0.02781043315722988,0.008155585076598335,0.003789102661050438,-0.013823466543014305,0.0017157455201680604,0.010982449192118335,0.002111337398929605,0.002093488755339298,0.004874111722304784,0.008222028926482114,-0.013445132029031517,0.010032834509237497,-0.02522168253996684,-0.09968552561172454,-0.038058019780689394,0.0810060641680356,-0.004074553102086883,0.5578468866893993,0.35301769098305236
-0.01535594491467459,0.0022683408468429536,-0.05910345095790009,-0.0032441576056350184,-0.010109120770082112,-0.0012638874156600379,0.005204094290872006,-0.0186776133945283,0.012606871879086328,-0.05146610995343597,0.023410736952671596,0.005682154165838706,-0.0024541971083516393,0.006357934892967592,0.009462217910410003,0.0036759596355457097,-0.013510221330084192,0.0016181247026612164,0.011590087890115187,0.0031448111272074043,0.0023993569640309406,0.004436688891094699,-0.014814475514154487,0.007653018377601437,0.03744789618390904,0.04228690655923247,0.019236911248196233,0.02293077987328481,0.03130249413920582,0.0067715427764973085,0.872594144758936,2.235743568258302
0.009509109100585096,-0.0036612956021996714,0.023273548010604227,-0.002789014146928556,-0.009656891008276084,-0.001290631169999908,-0.009112806446421831,0.015772414018795842,0.010117434625095314,-0.1239718026679318,0.020972015080769887,-0.027014808343006697,0.00285113214077681,-0.028688962547216694,0.008582244118157464,0.003596109163668863,-0.013257055454279309,0.0018021751742756857,0.0115727456755355,0.002249770648541612,0.0023465768861631073,0.004671854273949873,0.008215255155755068,0.0017090513880650253,0.062291435308503,0.057986121435561436,-0.014072727889631242,0.008799998059836922,-0.056117392561876776,-0.011105169465875638,0.2475250074791071,0.9998377400519722
0.009619358360750752,-0.004584640906656807,-0.0627644040200941,-0.003866705202942166,0.0028009209187955138,-0.002091242719618754,0.012900582068863528,0.007381989845001783,-0.10153164438429989,-0.05290665628385542,-0.03086181275617434,-0.02676849173196205,-0.006690571789899081,-0.027912532638674842,-0.031179434339745578,0.0027529217509554313,-0.013392590221308495,0.00154663813408784,0.010858752477216876,0.0013415943848848239,-0.01652957201829488,0.004631011099392801,0.00856529019018292,-0.012793096460873865,0.006139832586636381,0.003582719991306709,0.018292409710013027,-0.032974378012875505,0.06479075680891673,0.007513206665729201,-0.7252425753193386,-2.2467007650161293
0.00975217241955719,0.0028786184676635558,0.021306174971775567,-0.0032309294030239155,-0.0091904739217456,-0.0017807834937637443,0.0028168057395814177,-0.0021967341799870757,0.05950951447900667,-0.053480675708477525,-0.03507809892648358,-0.027199823180603364,-0.005399888210643023,0.05936767830127951,0.008505846573544302,0.003512708798804159,-0.01335242341516972,0.0014422184002502456,-0.011869547001879532,0.0019452303737100525,0.002074163792868416,0.004582139356691329,-0.01449382479100865,0.008960803602292825,-0.027502003929260357,0.057901184056952194,0.019135469248475114,0.02295055227226383,0.06419312801069905,0.05247110360102859,-0.4088118463960716,-0.3044011945642576
-0.01714036654372717,0.003166700644294947,0.021348498112618557,-0.0032743334991369244,-0.009550109994157261,-0.0018198323178283125,0.0042909098138480305,-0.016840430031723808,0.007830694454216677,-0.05330145034821268,-0.033758001275885324,-0.027418785750657634,-0.005465357374986465,0.03423694391852428,0.008489850036514862,0.0034347333176094,0.00883730636887818,0.001616675116122042,0.011153234902545044,0.0019739812522925216,0.0021116058275853435,-0.015181531539912497,-0.015016006954259777,0.0004864013613493542,0.009049697972849149,0.008074848839939322,0.018580154399892787,0.024148954740339457,0.027697313218915647,-0.011124878469264425,-0.0855262823656109,-0.30347888636728065
0.008923775001220453,-0.0015111477847623786,-0.15655852799155498,-0.00259250595355125,0.003989452215257196,-0.0014239021369664036,-0.007375476261056401,0.011797245984749901,0.05665520962746483,-0.05003912144002999,0.0389113803474494,0.00589152431213574,0.003333287480646105,0.006322486406416316,0.009174409288423674,0.003716767572044602,0.007097675815129055,0.002269164888630737,-0.01255426384122002,0.0024950958139543134,0.0026458864456543937,0.00485617790432559,0.0076173366082412,0.0035148865505397276,0.012447793820997739,0.05774417750656142,0.018703774311588952,0.019808836722191015,-0.05238940925274032,0.10355415028351572,1.1612486670160176,2.225570345187381
-0.016176839125366983,-0.002938597719547415,0.09857698712990928,-0.002372399877597276,-0.01032860357164894,-0.0010806873109046916,-0.006601127951464312,0.010678086540142202,0.08630156295755495,-0.04942104108084672,0.023816663886174188,0.005660028872279654,0.0035180305653964693,0.03035543398733927,0.008789907653042155,0.0038653813934531934,-0.012894522426981914,0.0017509973896559854,0.011660243973271119,0.002801366455569539,0.002188434558971783,0.00495494615223974,-0.013643770179256422,0.004770227235689475,0.03576946014425255,0.04190772177195747,-0.01050017355621144,0.013409740201868508,-0.051353987397970834,0.006703766907056494,1.1452964884307664,2.769988959859101
0.009327952551073446,0.002653553959608548,-0.06368659359106812,-0.0034273655167544738,0.003766557550921906,0.013165428448190268,0.004058698518810436,-0.018148850138771058,0.010290195057657561,0.0160246981001879,0.02062561429544053,0.005848086525121018,-0.00411251983708626,0.005695895106146802,0.009180996441569637,0.003919041048227477,-0.014244964085686268,0.0010700758899383298,-0.011690110747698648,0.0024764459563083267,0.0021634130229624972,0.004422518133385564,-0.015026423914771436,-0.012891952374121947,0.011304431068884142,-0.02349753084943204,0.01983433235838851,0.02226532440116812,0.06128260527842237,0.07716830334416659,0.2484709163682408,1.0145694257539823
0.01012865381739866,-0.0032684014252339845,0.0163223035405352,0.009098170968892849,-0.006362042180630962,-0.0018965930570261458,0.0022527506628045157,-0.013048916242918292,-0.09789067724121013,0.012889795021126157,-0.03712591218850627,0.00451110040576461,0.003193500017785076,-0.026268517848732895,-0.030424064714460557,0.0027884549615345582,-0.010636250843230735,-0.019540358247070885,-0.01113069976468297,0.001343666421404901,-0.01711047576387002,0.0037718503177394907,-0.015343456867043494,0.011591888746769207,0.0061076652849722845,0.02508592734790431,-0.01960787834451059,-0.0001374578617626844,-0.051789641659892804,0.06004557586085223,-1.0118103615526135,-2.209886610104604
-0.01650128301133322,0.003883366536486658,-0.06068354474778986,0.007897147233291647,0.0032064744444836937,-0.002055178045281884,0.015292161222833929,-0.013827920682342867,-0.09765301315079515,0.010826598887368876,-0.027338244648840465,-0.025638323906662253,0.0038988341799490356,0.001089327798551552,-0.08953778408910332,-0.02275554425230155,0.009265456496202439,0.0008874197737152223,0.01107146333485928,0.0012228180169920385,0.0014581122975446433,-0.013778695687395755,0.008609226546061083,0.007491116926545821,-0.030211358027335978,0.000651410946187163,0.01806882261171181,0.02523311203434645,0.12205936648150793,-0.03545854423887589,-1.2563834091105037,-2.7581726441306533
-0.01380901715781562,0.0024139181931999054,0.028557035422335425,0.004677352183561665,0.0037339519453893884,-0.0009563805948597039,-0.006184447342221264,0.0044237472615526125,0.016166986732179516,0.017112029773210625,-0.038295748173278264,0.004938964641010494,0.004134262980431398,0.0077849828518216195,0.008108119071232772,-0.03387872324627281,0.007154139233742337,0.0020580412437417395,0.012177023698566795,-0.011271982149208402,0.0029495641577745434,0.0058230850106931725,0.009256429686804945,0.00444542421633635,0.013814061611437133,0.016064438061501343,-0.00932363077498587,-0.004467434209414206,-0.048639552614209186,0.015132678488540168,1.6105743552127585,3.729668681984791
0.00935428944939289,0.00110133553072226,0.02718133751675125,-0.003294249815714584,-0.008979581141473441,-0.0009602491399194699,0.004407241285212205,0.011163864252963824,0.05570922565153797,-0.05082807468339385,-0.04302018323126057,-0.025950875248661586,-0.002463314833884401,0.00629756297541668,0.009088050399138105,0.0038747820291553862,-0.009750403815895018,0.0016073950095169076,-0.011837359948352284,0.002621947332678685,0.0023042426101265398,0.004478629379281579,-0.014592184381178255,0.003453607297043856,0.011777898711578534,0.035341784910387676,0.019932677635118325,0.013566994867591232,-0.04637079082100871,0.03378197753644422,0.8606969667075594,2.2171577464969143
0.008651210561448863,-0.001904014472449647,-0.15670217850338017,-0.0033688522269548784,-0.009456394313617856,0.011734528829368127,-0.007540989014141821,0.015476864102051603,0.0954851148361341,-0.12536131383324464,-0.03633915151261696,0.005625194726295298,-0.0031308381216888,-0.027292112591506358,0.008970734679614623,0.003908698383636129,-0.012193305575717722,0.0013995022723034393,-0.011679839492744072,0.0021104357516376934,0.0023251390918955627,0.0041443222743817254,0.008296199242003385,-0.014205372522799398,-0.06879025309893178,0.011276123600567994,0.019707870114813626,0.018495463323649354,-0.007667945253854867,0.11953559822042262,0.5646019361493464,1.6309932628098185
0.009061363170325843,0.002419098125502663,0.02576545194020848,-0.0031283530435230775,-0.009967062096164827,-0.0016142510670177006,-0.01845373108747931,0.001970792780367227,-0.10561402170936757,0.1263675777966182,0.02271305524452349,-0.02694292473644341,0.003814637853300917,0.031117010504797434,0.009098033960022766,0.0036156280636667347,-0.013722817058530005,0.001727344322673443,0.011407023866734395,0.002610025265877362,0.0020985286336721704,0.004768610772951872,0.00820430442371534,0.00802092138043323,0.012055110614818043,0.013208890182710712,-0.01248547279476417,-0.00932061506928312,0.05747545416059604,-0.0031988616758731226,0.8626726310420803,1.6117037707181507
0.009020639168526861,-0.003140461020151057,0.02552085841098629,-0.0033412459617789283,0.002637772360967381,-0.0014287110299467391,-0.009316434767746037,0.01602026294159926,0.058963768600444146,-0.12754324587920085,0.021888446467214728,0.00583107898328674,-0.0026508049592602837,-0.028571424057079464,0.009443677556868037,0.0031752290052773214,-0.012500138725774,0.001474023225052861,0.012444915987018829,0.0021962337769586035,0.0020826233073186584,0.0050521139638682695,0.008315949289391658,-0.014577166763192873,0.040270400121042306,0.011048930856599522,0.01981542448990652,0.009105581656053725,-0.05176861663205047,0.11529936549907338,0.5717505440214602,1.0154880349483348
0.009583584263251859,0.002913438237108042,-0.15382070799629338,-0.0034962087785574644,0.003496271239545529,-0.0017783560645338269,-0.0022904259655783105,-0.0021156483207660976,-0.04784747262946277,-0.053502499185712676,0.018703878152269884,-0.02747691620253122,-0.005365997445379494,0.004240195759221388,-0.03151438538070295,0.0033704074393247694,0.008392522662500734,0.001575491238761326,0.011532734287882613,0.002120587805610421,0.0019528408549050425,0.004646460545472188,0.008769504417333542,0.009780826155049308,0.009005856788628277,0.03572936760158507,0.01904898511619295,0.02190853445630619,0.026373058976738924,0.050227467421924396,-0.08755807359732119,-0.30885170030903336
0.009182586899745942,0.0024418142589380343,-0.15593347309729497,0.006530580070404977,0.003511454467559806,-0.0016543774105624595,0.00019464410045812029,0.010602657409956546,0.05906184789023796,-0.051544342935538306,0.04082600937908334,0.030398013423491306,0.004121627978674443,0.030821632475317016,0.008645783049026117,0.003726324588957709,0.007643661264945983,-0.023875026131807628,-0.012378555574244094,0.0026497582802754026,0.002337403164247816,0.004567435557999216,-0.014000643501861426,0.002530363454124317,0.0393838743980468,0.05949610482426902,-0.013867675869684924,-0.00980828651119738,0.02846700316665674,0.07988937527506523,0.5681722673360611,1.0082927995200306
0.009684616327832546,-0.0028053308012719958,0.1840170853780251,-0.0037950227754906325,0.0032149748888240337,-0.0016741032956960208,-0.013440260328085811,-0.0020347384562714047,-0.044495791574779224,0.014697657981078098,-0.03663537104159461,0.00480716173116648,0.0034722263350092475,0.0039442393571167645,0.008191740142987616,0.0031951319300699984,0.006822689132575723,0.0014527439710812376,-0.011280868256139357,0.001912899241851608,0.0019575863161125735,0.004098237543032311,-0.015088271319161581,-0.014853987554170254,-0.02753470722051891,-0.01971316222527364,0.020752724209818628,0.017499389357507677,0.08093369705851372,-0.004917976767635592,-0.08618940221336571,-0.9428609491663388
-0.017625084682259467,0.0034269136852037286,-0.06476200065574837,-0.004141322696789928,0.003009590767380858,-0.00210600733272353,-0.013132799565144399,0.023412787641568907,-0.05060952176252752,0.08284247270691053,-0.03206469495461607,0.005019384231979158,-0.006940196332270803,0.002584145953164345,0.007662240054519698,0.0027985159628937653,0.007749045124532916,0.0014573540399148617,0.010920526159289923,0.002173589292541281,0.001605148583836824,0.004211488557817125,-0.015037917122659682,-0.002667659730357811,0.006272199700806174,-0.019838825647230666,0.019609626841755632,0.0017315906149644462,0.021203206905021973,0.038876700001003676,-1.0256616243625674,-2.255593131226645
0.008659425107913522,-0.003897117410727528,-0.14874901622635098,-0.003188488318050841,0.0038359971356230716,-0.001504985699191718,-0.009993176403315651,-0.03653680494660626,0.10360007826595947,0.014710832268706231,-0.031873643658151415,0.005347809254973118,0.00359514231971425,0.05524919970561369,0.008481449390388536,0.003307035470297446,-0.014487247516470838,0.0016988193702233525,-0.011422051081154029,0.002015243971883231,0.0018843465942294452,0.004630454308840219,0.008251980961394645,0.008150672488300344,-0.026829769268176228,0.008843109979958397,0.018370281416638157,0.024006045505748762,0.09454872583561086,0.0013270834082499,0.23368202984417114,-0.2952816760617798
-0.017155101780143792,0.0030611032932164103,0.10270402627522718,-0.0031536349677336512,-0.009643137983225778,0.013284606650246689,0.0011948481981826167,0.0,-0.10653428334284182,0.016106498856818068,0.03941570983804856,0.005885834701802916,0.003337229572593768,0.0058400320247223225,0.008635086389508884,0.0037517103087084786,-0.014126951404814955,0.0017095137927494414,0.011210014131286283,0.0020666944375181628,0.0023925745312834324,0.005312643787055863,0.009066362780408887,0.001724336318690509,-0.026639233586646275,0.010547107547574463,0.01842974260402985,0.008956907375838827,-0.011257086553818556,-0.017304601997742586,0.2487457535834123,1.0080497299335947
0.010003386177556703,0.001591835665612644,-0.16063816112449078,-0.0034142242332955612,-0.009164862586258732,-0.0017061184185160638,0.003694001145549666,-0.0159096892090175,-0.10500048846013324,0.016384820373747715,0.02226386837240508,0.005681991752369242,-0.004597036916692501,0.004941260551760653,0.008492678819895577,-0.03221162252133431,-0.011813192965191724,0.001869762823065714,0.011355923305915549,0.0024719061315124128,0.0020337087646960313,0.004750164024979543,0.00854909824791242,0.0014456417954519234,0.010508589969252989,0.03619764283143249,-0.01521626774588263,-0.007875602324362876,0.025576960225095535,0.09722733840367025,0.2470040031241189,1.0068182531014656
-0.015241351196736388,0.0010814159576487176,0.09613024172472204,-0.0018091148899727302,-0.010094199525603254,0.0,-0.013603046490058408,-0.016097364450629603,-0.09971430519657855,-0.04782931760647974,-0.03788584031268276,-0.023461718367139506,0.00321684771735509,0.02687989378072435,0.007453563279795349,0.004221622558054463,-0.013123852998877751,0.0,0.008860095713963047,0.004329957974886401,0.0026934728965258476,0.004761220240793718,0.00830475124829428,-0.007449352083866896,0.013295523612961163,0.04566431055419557,0.017881500671617093,0.02195931720206432,-0.00212911704656118,0.021171628520621894,1.997381044999974,3.141382505232049
0.01003108780377338,0.0029396537221261427,0.021282697675804346,-0.003161083952070322,0.0034799162836766594,-0.00175166153826557,-0.010409849111427344,0.01849659290102828,0.10905277031436769,-0.05255873325497788,-0.035255340202434905,0.005274776437482846,-0.004330041100462591,0.004395117044922915,0.008513773137977557,0.00336945510798686,0.008089834767476873,-0.022819244847580952,0.011685108815321215,0.0021742352414011804,0.002074187281229478,0.0045699605027775935,-0.014522767408500996,-0.013211088643121172,0.008920239661019996,0.057217696467571515,0.018606202733788088,-0.034032469662189306,-0.05661889144354024,0.051304776283239095,-0.08506893662117397,-0.3031991293317128
0.009905050681234326,0.003043587705414515,0.022854066797721374,0.0072679650622706924,0.003706234247186873,-0.0015373038532561648,-0.010944114683923516,-0.0014169734592023254,0.00867382233505696,0.015766386405726265,-0.03580440749667116,0.00514023894313267,-0.004638923161269599,0.03347117502642552,0.008752170523540286,0.003577527557729709,0.008656785191285843,0.0015535724403156288,-0.012397860092761065,0.0021879923746896844,0.002257013109663355,0.004645176734410357,0.009002426325275084,0.0010862325781251406,0.010086917001646068,-0.022109872207707153,0.01936817257363735,-0.01177392147876798,-0.05699836333375403,0.05831281572032462,-0.08156386331306557,0.35928794405098685
-0.016396980805976444,0.0030152396449617566,-0.0616448248497105,0.007225356021090285,0.003593884320224092,-0.0018641529326100107,0.0021843253257313915,-0.0011990050928114893,0.00847660273440007,0.015557652491097996,0.019058687879900272,0.005337379422477943,0.003639823633683713,-0.02804215100776621,0.008465698710118484,0.0032272621240334643,0.008810984655447366,0.0015085064783417368,-0.011651749411136923,0.0021522410992321993,0.002081271493871361,-0.01459388573211221,0.008601638516356728,0.008521326466722939,0.042335337926862636,0.008863412627565704,0.01806581633165128,0.006843349971449412,0.06440861965443893,-0.013493480938918593,0.23754232872628467,-0.29876973135219326
-0.018542088260417255,0.0030054751521410667,0.1827329613919393,0.007652379365433623,0.003297396824656537,-0.0017511586740593516,0.0034362180168164462,0.009785366542401462,0.0596413297065625,0.015374836792772672,-0.03642605419689915,0.005397363788161776,-0.005043486230127307,0.033747915426719,-0.032132404930832976,0.0033400025183771983,-0.012689480677149962,0.0016141336197277012,-0.011979879675528172,-0.00840113939043752,0.0020952621851090323,0.004615671670142444,0.00889122525206329,-0.013427240210210871,-0.028316267137827533,0.031750850090712254,0.019222273309109125,0.005634048841483693,-0.05696846457154365,0.08406241624233574,-0.41114210432001724,-0.3056487029329407
0.010120332011429655,0.0033916975443089433,-0.06481466176726819,-0.003459097407613657,0.0034086719918013284,-0.0018625633557951004,-0.0034707343131922096,0.00990375542376647,0.0071092150683767135,0.014878754751301525,0.01774973210004519,0.0054507163796805895,-0.0056896918907284886,0.03431304902440529,0.00829466384482543,0.0035132634387983436,0.008217890130236577,0.0016406525014100585,0.011576561378354923,0.0020291537638186187,0.0019366005421672865,0.004457605767487266,-0.015148020658043835,-0.00035546533353348486,0.008847493725495901,0.006814499664869431,0.019489191541949877,-0.013581974608130454,-0.015289703051441717,0.041032440554362844,-0.741692068004578,-0.3110463524262759
-0.016298185588962302,0.002970410970854799,-0.061174984584214956,0.006823374518006634,-0.009526395942203114,-0.0017070399431703255,-0.002112981617160733,-0.01805025399078227,0.05832642502448695,-0.05234991528799028,0.022404639228481068,0.00591407660191464,-0.0035205578327275355,-0.0281326447825956,0.009337775859109892,0.0038660257503871378,0.007495071928687534,0.0018504017025490719,-0.011951123604553505,0.002032479771699152,0.0023442822098025447,0.004556465557019115,-0.01452310297659759,0.003037922375323854,-0.025476517650692098,-0.024095812590444004,-0.01345104262944626,0.009867746615962842,-0.007685238234469286,0.0873396296624524,0.8810166074914955,1.6446642265713578
-0.01736784029919111,0.003333766359804885,0.018909521427084925,0.007737372000909639,0.003364735996569947,-0.0018585784259224525,0.0025016263008732402,-0.01584872337212059,-0.10356918184750735,0.014080295903411501,-0.03184761777948196,0.005016583790616531,0.013179569764094429,-0.02879885220434017,0.0081026921979651,0.0030956638711666772,0.008647594183591784,0.0015077283310971357,-0.01121096517658355,0.0018799029867950503,-0.017649843910925687,-0.014284531281647903,-0.015582299508497975,-0.012245590322344272,-0.06730218122734023,0.005280012264698803,0.018701866568329624,0.02378028069635212,0.02532113668379541,0.029902863473634595,-0.7312379688510408,-0.9643757117031887
0.009777969738264156,-0.004262277285658803,-0.14597789503773048,-0.003377124775767402,0.003439705243175632,-0.0017632717078345198,-0.011337357883720787,0.02014551823416771,-0.04799984682043058,-0.05171784753552984,0.0165080658049792,0.005110843008705782,-0.005124043690986114,0.0038430330110470774,0.008024877528529576,0.003177750944471381,0.008298259160730775,-0.02210988095081172,0.011185502897598655,-0.008042701402499564,0.0018849849169980423,0.00471864250123136,0.008479803843398387,-0.014010931044946356,-0.02793807523883753,0.03611022693190112,-0.05323323678826208,-0.03502622124939358,-0.057012250228412095,-0.02301232755048492,-0.41401219053265353,-0.30644061146775337
0.00849883984648663,0.0017551116347720855,0.09977002035501699,0.005878221597926512,-0.009757549028065481,-0.001444425452648415,-0.010453018995601783,-0.017516610024318178,-0.102595398098413,0.017409890537503348,0.03714678964814139,0.0061762791151411586,0.004884271055349952,0.034033468853933393,0.008351313416081052,0.004279909452860598,0.008001766763910038,0.0016819749174345061,-0.010830552252867175,0.0022823846359963118,0.001985755368026677,-0.014364155030904725,0.00826128984343798,-0.010497063718827191,0.03198557979556725,0.042154947897384186,0.018285208272125677,0.02000468073639917,0.03376986296736993,0.12399871344963839,1.6058166897507715,3.2307612740293177
0.009917222758335778,-0.00473183748762475,-0.14173416751928067,-0.0038100496943347714,-0.008040710951678801,-0.0018053605498399205,0.012745534572039816,-0.004623855586671688,0.004052127827763247,0.013254135936671933,-0.03207651196262646,0.0048289996146069205,0.003198194170715147,-0.02722060644041364,0.007606410484714741,0.0028340336659337024,-0.013387241730093296,0.0014613308543069933,-0.01103030167102422,0.0015768105655666904,0.0019238722810141007,-0.013600722249492153,0.008918346044744013,-0.00209303832689538,-0.03098903123085373,-0.021512411783177584,-0.018815307100911574,-0.030508745399323644,-0.059043838384594656,0.006747427220172601,-1.032621800802598,-1.6061965813017633
-0.017217712274000513,-0.004123121489766827,-0.06340542872234206,-0.003310214020951913,0.003421399414263226,0.01472647213941249,0.005690565937031933,-0.002529473819708345,0.007235965453250069,0.01482634875783157,0.01740364023715685,0.0052682982243018985,-0.005461264663597164,0.033961173893912164,0.008307974912912231,-0.029673358849227345,-0.014006976296593115,0.0016129552606354441,0.011330594019363626,0.0019113267137949167,0.0018713877704311732,0.004748189437002678,0.008789484797878142,-3.4509257885576735e-05,-0.029255096181852725,0.007625973945515764,0.018164743554434613,0.02293217241796851,-0.0617532128658882,-0.02304026876367263,-0.41094853424698996,-0.30590713587503804
0.009281589816310562,0.00108390336203894,-0.06154185809217103,-0.004222039390746102,-0.006321672016869285,-0.0011555973403426171,0.00336640681422871,-0.0014735259953785722,0.005585870090620867,0.13710359424473903,-0.042017519401542046,-0.023405525193677612,0.002956987403504297,0.0039928706031774515,-0.02910991257814718,-0.026790663096881898,-0.00809696728747985,0.0015490644104918236,-0.010638893347799612,0.001972955667696062,0.001730077644492782,0.0035410361822578213,0.008784683231092999,-0.0005162914724351837,0.00795063833514074,0.005571625006077489,-0.01691305007809436,0.0019828842361135834,-0.037304591319336784,-0.2677283132142589,-0.38042109166616667,-0.2859917730652125
0.00993733096664894,0.0020467599663205947,0.020291354183690696,-0.003933320117985506,-0.00709192043586603,0.01447957561697897,0.003147335486643924,-0.0022250480919163477,0.006001788099210574,0.014509037807670377,0.019539529411154614,0.004945464377153448,-0.005883449873327656,-0.02601090956638947,-0.03040215375373558,0.0032766588801171714,0.006816087235920637,0.0014757086044835247,0.011158647748457554,-0.008048085049941816,-0.01775699434598251,0.003952521329805202,0.008581160018727257,0.011333950149188617,0.07656594912305455,0.02940232203615724,0.019707100751195854,0.01662979970222708,0.0846612609631368,0.029229064022974014,-0.08983244230355407,-1.5928205384112792
0.009712519709195497,-0.004658695135933074,0.017636477844422984,-0.0033573401178666616,0.003279259538166703,-0.0020090009492971534,0.0023232140827576853,-0.015379911635943848,0.004762324036956311,0.013585592429210603,0.0148500034296105,0.005042865985984959,0.003163756048721284,-0.028346766846375597,-0.10521518768761036,-0.027156481341551332,0.008846897697498027,0.0013336032997941455,-0.01123968637913283,0.0017972931678074979,-0.016336221357086508,0.004404140033090018,0.008661857880927049,-0.001632129037147074,-0.06644769231101029,0.06281170607581452,0.017336380592977783,0.024374505404895996,0.024229599449850415,-0.025672239606625093,-0.7243434357281925,-1.5966871585776024
-0.016747088160468385,-0.0038298711229164044,-0.14985234671612055,-0.0031914458256118287,-0.009067470630784927,-0.001786394785562829,-0.0025848608267222094,0.00975157862126786,-0.10466298404768323,0.14219657546906644,0.038611743240732556,-0.027045793129846687,-0.005020720200593627,0.004208104086245437,0.008222503010274738,0.0034028671914191864,0.008583240614323069,0.0014594813921833634,-0.011637893377879148,0.0022509529610920016,0.0019726850699997786,0.004647212954876529,0.008789938611228527,-0.012956381837068634,0.009027255078600511,0.00808780919550696,0.018156852145322935,0.023174762102323266,-0.06032121100614326,-0.020614057031729235,-0.08634406246845808,-0.3030866119321577
0.008800237813158845,-0.002114969493459923,-0.05686517751629087,-0.002512457223112813,0.004160198862042583,-0.0014399119908739748,-0.0046232863949628045,0.011461376372690514,0.05504152172050107,-0.12562668073609998,0.024087480237628817,-0.025433020428026122,-0.0016067025456368098,0.0290107796048506,0.009131165320949467,0.003629863240826612,0.008055202000642242,0.0019677009568897677,-0.01243853781295302,0.0029934023735281264,0.002478434889510879,0.004587078515044041,-0.01400628686534031,0.004671245777716195,-0.021829037521371806,0.01564865556314311,0.01843363263842644,0.021784736038848437,-0.0037432595399711248,0.014139310576783472,1.409935405825314,2.7612243269370316
0.009988340816416873,0.002827741912431995,0.023046218511132536,-0.00311456172078193,-0.009642406007679485,-0.0019245533118305807,0.004160150361100776,-0.016840183588987492,0.009257498917238444,0.015874391387822043,0.020018491660944382,-0.02784009702856282,-0.005139727852435768,0.00473249004333468,0.008647131216193059,0.0036536084787385657,-0.013680454469054895,0.0014200754006180548,-0.012031718112545364,0.002383265820495418,0.00241499265190938,0.004794067924845921,0.008541749268483747,0.001119879268216803,0.04325649020263474,0.009237013233616902,-0.016165232920480974,0.007484799425208993,0.060913449538659806,0.061710764066266716,-0.0809147136095061,0.36034394747267445
0.009156859231367987,0.0019392259276164608,0.026726160602264945,-0.0028751125465114394,0.004511195375032376,-0.0007129766483522806,-0.00853744325652739,0.012823344338813231,-0.04203402472812151,0.07457960683294418,-0.037726858297879765,0.0056900357133418565,-0.0019044215033422755,-0.028595527822689964,0.008902609140273281,0.004005531955260449,-0.012841513123835406,0.001271116350971206,-0.011467093219424919,0.0026054436472087304,0.0023955769123608617,0.005306261438596361,0.00837388768173595,-0.013216984616157838,0.01202202943807801,-0.02255339241530136,0.02040100095045803,0.010800373908192011,-0.05322234461627316,0.09668702274428145,0.8754386333810293,2.2487813451896534
0.00812012467881531,0.0014407020456265471,0.10236859616186902,-0.0035482315774331315,0.004047626680244145,-0.0009687389327892092,-0.008187918517372047,0.012329587604818344,0.05743346894699759,0.01700231792769464,0.025430127200605286,-0.026396205179730202,-0.0015794836644779286,0.007032703780920145,0.008941462905101316,0.004467924872710605,0.007872389972642852,0.001711194154132773,0.011975856054973156,0.0027287392561784426,0.0020735738866676737,0.004931207006570308,-0.013254922959642465,0.008668583122277586,0.0473912841357805,0.041156071830538245,0.0200310161377516,-0.006973376703271356,0.05379024424058042,0.10871942202665598,1.1557514376787268,2.227859972599362
0.010054757317281228,-0.004645700574814584,0.17631533947553357,0.006764722521755498,-0.008371985921815102,-0.001937481613286997,0.0023380817266651266,-0.016244051228133567,-0.10334938769319986,-0.05264475361761237,-0.03340157937797758,0.004911084078746998,0.0027735589544381238,0.035663860360386615,-0.030925090829592355,0.0030743811245713647,-0.014047334634909273,0.0015895213708681138,-0.011308862095160088,0.0017896605937056719,0.0018759844190526754,0.0047635691930465645,-0.015156064982177154,-0.0007542278821919768,0.0075913905465050955,0.0574934678229476,0.01747553905141266,0.023854302889942197,-0.06336019146261807,-0.030977409117229498,-0.726768584756854,-0.9529214154211129
-0.017761191966621428,0.0039538608369345885,0.01637039302936629,0.007667913627011758,0.003004140801745465,-0.0017150066938967038,-0.006981845768876974,-0.015381895799459425,0.003517052962389538,0.013269807995336226,-0.029970009430264056,0.00511223117661384,0.0032293271249604688,0.00229140506923514,-0.10169012917688834,0.0028273493980627376,0.008423520800936338,0.001323626246649556,-0.011103108992382165,-0.006215156040657297,0.0017635243500946016,0.00425720931918834,-0.015643953470365884,-0.012449485003609904,-0.03129253306556619,-0.020182446137611575,0.017751702262958125,0.022938780731947713,-0.06231519569546028,0.009646224553271987,-1.318682216115332,-1.5925461772910992
0.010100135003546734,-0.004731321698833515,0.09723431752130016,-0.0035158041259267057,-0.008172439769944442,-0.0019828673281023644,0.009614326339192387,-0.01588061807672705,0.0054206445522160486,0.013886182931752294,-0.03368459520934888,0.005053451822493385,-0.005526787305090138,-0.028225020460104264,-0.06934567053500301,0.0030921320306905647,-0.014196108308783059,0.0014174283836529287,0.010595848790312971,0.0015371173208320306,-0.016828071321057937,0.004875501207306672,-0.015075918583783515,0.018216369302049916,0.007383134753251793,-0.051042611110803875,-0.01665469968910316,-0.05147236731022097,-0.016776510153139704,-0.04344637644467015,-0.09257009652624348,-1.5913947105154578
-0.01826867389855868,0.0032943632561970152,0.017840968292105165,-0.004141645523684114,0.0030706244791541006,-0.0017529389452432221,0.02511015760035385,-0.014395786848944877,0.005021472843167561,0.15300924675239216,-0.036513978531521066,-0.0273301365949463,0.0031207536613239964,-0.026475123630255906,0.007968809315997302,0.0030159865210726052,-0.011800941154113228,0.001373652318957218,-0.01104059427417648,-0.006594131162723777,0.0020066566299854426,-0.01281722912369122,0.00922817108387861,0.024464559691632103,-0.02968648162219263,-0.019980150906576396,-0.05251342922079908,-0.037783839801720655,-0.05277915397058257,0.06817658999585949,-0.7144084822979745,-1.5856762198569851
0.008067086639682083,0.001828872785136385,-0.058395178223528105,-0.0028541274127096253,-0.010795698892946851,-0.0015881344588060666,-0.007184059648690121,0.012026624180685128,0.08513972246702495,-0.049757956825042284,-0.035555350037471345,0.005835650711499592,-0.0015970875036951501,0.007193607810755921,0.008893013510146024,0.003773258926914872,0.008127427988984151,0.002102994300792746,-0.011745313858754363,0.0024067297828745987,0.0019528345540303074,0.004836446796147378,0.00814784361379027,-0.011697241966140758,-0.021758012158423243,0.015078119534371555,0.02031122240192162,0.013014471697199,0.06334166814916453,0.11325117070565227,1.4125849168855025,2.194895609443843
0.009353595663936272,0.001418216726312147,0.026418743143997635,-0.0035818761113335386,0.0033012566291654158,-0.001796516854427856,0.0057931831244249984,-0.015697799479846127,0.054197825508842924,0.016487403924183058,-0.04212942399292963,0.004920583149684244,0.003927178684036675,0.005873782483805813,0.009041079035217775,0.0032346241134056904,0.006215276010958032,0.002004162072817922,-0.011276870142625439,0.002213760533136424,0.0024958709742409686,0.004435435318817651,-0.014723934957051935,0.0028079308423646005,0.011671680405727958,-0.019109856910414075,-0.014466557731735446,0.00881203497131806,0.05472053789123083,-0.11422196139482811,0.24553238982935258,2.1793296522208827
0.009334653141031175,0.0023346294295147453,-0.15616332205552932,-0.003246491113398935,0.0038732874453961483,-0.0016558447694215454,-0.008302073793010817,0.01791138218428105,0.05845209458212296,-0.1239804028541557,0.01904320658294917,-0.027049697451737825,-0.004373783975411136,0.0048947351790557805,0.008410012843898237,-0.032673242176660025,0.007878429182868747,0.001745774028773236,-0.012011370110178488,-0.00930063730625611,0.0023335357505614228,0.00442549582762283,0.00828609665587399,0.001118754629793038,-0.026415948956879542,-0.023587252217512646,0.019161068809162518,0.02100084930069135,0.026902301498988986,0.06878730497476006,0.561421645809663,0.35732107831240856
-0.014753045761965603,0.0018811132658367214,-0.056004177212082805,-0.003377627678751844,0.003982938602266695,-0.0014925390317078499,0.0046785738050792725,0.0034685365004395673,0.05479273994778284,0.017412182937820618,-0.036330352772835105,0.005066377288505901,-0.0017249309580614008,-0.027443251695312802,0.009370721716580342,0.0038382890798499864,0.008100225751184697,-0.024786187492282376,-0.011629706279133718,0.002636343516249956,0.002661045644331788,-0.014968985812833771,-0.013450078367648765,0.004912500185370268,0.034955879359436386,-0.07640834006327116,0.01786142341985365,0.013047869569750984,-0.05200810353063666,0.007794853233034108,1.637292304051072,2.719285643118259
0.009675548390099587,0.002335499484268101,-0.0646884285417936,0.007868908715086165,0.0033231731824487987,-0.0016615313394588733,0.00429699353747645,0.0003584155286328403,0.05705751381601922,-0.05215660670084008,0.041928758936551486,0.005629336767769966,0.0038450334262164943,0.047186165447139154,0.008521301699122573,0.003697005254698052,0.007019135217668133,0.001645921290258007,-0.012067980901379043,-0.009773313490133191,0.002032864569025325,0.00431446778217244,0.008721005722746856,-0.014858378484512812,0.011318676124736742,-0.0610818620428203,0.01954290736951725,0.015018139216533874,-0.0500764253044511,0.10408506826431227,0.558696248701109,1.0017648669029275
0.009092754955044397,0.0012149505830374747,-0.1597157227480989,0.00752459893004545,0.0033063510797202546,-0.0014391835951556087,0.004493281134651147,0.001155132727219146,-0.10188085473444049,0.01630329935094963,0.04480905994564527,0.005146848501235456,-0.00390527461618013,-0.02573228913456753,0.008562776852513174,-0.03256225609679148,0.0063412594050554485,0.0016837633315805248,-0.011598021988030636,0.002266379939147452,0.002250094935801675,-0.012957653287090176,0.008489519536095233,0.0021417537553242117,0.010872461072252938,0.05392272918162758,0.01955600318149188,0.014252169384485458,0.04961347611950043,0.02590287545249073,0.8586701376453006,0.9878020592735351
0.009368712725248352,0.0020371328050608696,-0.06519945994316041,-0.0036266781676141746,0.0035829247906012506,-0.001437867628462638,0.0038950615850781908,0.010373707399335253,0.058559689360741074,-0.053314100652543106,-0.0384720229657952,0.005403038982564467,-0.004899811787362989,0.00497916402351265,0.008715503760489478,0.0035118801331205777,-0.011838929885711943,0.0015477537975487057,0.011537998238070385,0.002404198909744189,0.0018173733148019434,0.004467340900941426,0.008820225135879746,0.0012713887645877209,0.009878734965152063,0.009339371283955433,0.02037658483612297,0.01809814380718922,0.05579710308707208,0.08654626036689003,0.2433030297451186,0.3587799392951563
0.009357570336171003,0.0016125211701699055,0.02716596281532143,-0.003080667688954693,0.003532160370790521,-0.001476312646294619,0.005216799252017916,0.002191259680359539,0.012750281330457837,-0.05129859582535853,0.044170846932832145,-0.02581020996839386,0.0014836602646952244,0.0286151186441241,0.009307607207217251,0.004082598240759373,0.0068858212411982474,0.0015061648427766696,0.011527044283342244,0.0022981335700207146,0.0021132625237481667,0.0043394489769260575,-0.014457385334278408,0.0033817265876223902,0.03803924649258644,0.012487883359728509,0.020839667929130667,0.01580217251525302,0.05832523260079961,0.026306115361860005,0.5564860990183599,2.209965851430197
0.009088571177070393,-0.0034014408975754007,-0.06263281843189294,-0.003598187298746859,-0.009986721216950411,-0.0015330146848822552,0.0033210816737067896,-0.0012481978265864637,0.009884043217802924,0.016213371544326186,0.01966924607565085,0.005561810292454184,-0.004120994176201772,0.005178476243301547,0.008738664685414193,0.0038028612955976144,-0.013897215134532294,0.0018381792306796695,0.01159594658772254,0.0023662972441804184,0.0018452089712837386,0.004719013121713425,0.008720806474982428,0.0015315568694101603,-0.027561990577289114,-0.02464295333231206,0.01902981536065362,0.022819884258948254,0.02864345755963072,-0.00932042242840296,0.5661380813091101,0.3602920361396966
-0.016660353296528433,-0.002682798007189513,0.10205854513982533,-0.002531233724389347,-0.009450525821891126,-0.0010740833726949769,-0.001146848058121169,-0.018400573985446,0.011172533791888473,-0.05263344330790274,0.022572439900724346,-0.028128053564208916,0.004353901809357959,-0.0286113525167772,0.008789705696875833,0.003987922878112987,-0.012454036320345037,0.0018009025438505627,0.012032477518272076,-0.010235360971687802,0.0021101718841477495,0.004441611860485251,-0.014850375668811705,0.008595950053785802,0.011420925632406704,0.03985743770802806,0.01852304168636778,0.010032091909379847,0.029577228258074382,0.08031867919107612,0.8842532356349199,1.0130117499435425
0.008665892946053542,0.001552676506741983,0.16727353913724738,-0.005559585908886506,-0.004659080692169361,0.010813772115813877,0.004038845803507634,0.005808103353668961,-0.08330870155204849,0.011540735698699353,0.02279850292126923,0.0295634521285638,0.0037351999339584343,-0.02288061342383824,-0.02752603222356119,0.002531022831597943,-0.006839552851029093,0.002574946291789745,0.009627351688812276,0.0023041669794148256,-0.01661280342766147,0.0030980984037081204,0.00811750034677079,0.024271093732344037,0.03943663285257457,0.004353791918225899,-0.05214243851787859,-0.011602855281184498,-0.032058323751414236,-0.38983195463341774,-0.3646549502399237,-0.27331386744165953
-0.0177057102012653,0.0026316229561857843,0.022576414808480154,0.008125720283477716,-0.00864718326088362,0.014160336259740516,0.004163521000497275,-0.01589217851389119,0.059594226552274025,0.015697265206512982,0.04277191203918947,0.005413987565632229,0.0038296815455708443,0.004495542156093604,0.008523082057941915,0.0033769907634466673,-0.012428487709502948,0.0016922330878265622,-0.011811381246829074,0.0022338794526610747,0.0021853459663518197,0.004535969342360222,-0.015223909877586107,-0.015103168821215488,0.009695022149858745,0.008049173699641272,0.01989277992990547,0.006178216583799537,0.058444537663660756,0.09198785096913775,-0.08427705545870395,-0.30508914037417206
0.00924815563381511,0.0007754178783041102,0.10450116702704768,-0.003779270489224259,-0.008408956364182483,0.009040083455142624,0.005803343585593426,0.0034915068500535017,0.053634515578977644,0.017413047699365834,0.04640590907071236,0.005594877018945613,0.0035369525277525325,0.006649765816058774,0.008779021715200744,0.004041548520030045,0.005449832888670121,0.0015058653535240136,0.011324177169623485,0.0028244092544545455,0.0023253338448115607,0.004608190756035984,0.008844614214024327,0.00472281213509393,0.04583416245440593,-0.018927647812970065,0.02064648786021199,-0.0008227041849632529,0.0009924558155984533,-0.11006870415747928,0.8297432353487096,3.236154355311255
-0.018298517208167445,-0.004211419200054615,-0.06304285467695823,0.00931529591735445,0.0025593806998028177,-0.001784485686868245,0.002209426019163755,-0.005038056881895974,0.058942420259174406,-0.053422419897169476,-0.03263846895878482,0.004704392648054037,0.0032267573689866284,-0.026500350526726515,0.00750556292159698,0.0031149895227131955,0.006949706184332855,0.0010545472550316575,-0.01076615123787102,0.0016010771036215293,0.0017970892240654253,0.0035023341480007043,-0.01491894900700185,-0.014679717216946775,-0.03151498133103767,0.0015385370018649476,-0.020661284317431024,-0.026286234696953584,-0.01917948056972267,0.050382031340790355,-1.3109970943944125,-2.224400713296089
0.00906328653613638,0.0012536871838205723,0.1695966904844692,-0.0045419312563675625,0.0020968856625377136,-0.001390436854543913,-0.002970054816245843,0.00750598773151897,0.006811514633452086,-0.047261010375618674,0.023003815889563628,0.027487292073636867,-0.004516759877797282,0.004225094694965233,0.008015980586526084,0.0032650001187432246,0.004154533233138435,0.001425364547790726,-0.010148649307287282,0.002038422882060781,0.0018780809588472122,0.0035985123213882367,0.008141328345663048,0.0001824371180653383,0.008477442170381697,-0.04497135284053884,-0.054179231584003035,-0.003470168893140296,-0.031653333443922044,-0.5211107929538094,-0.07529566419062304,0.31278129912087427
0.008417661310687278,0.0,0.09035171253854847,0.0,-0.009979800550703575,0.0,-0.0034612034947675337,0.005412021025164807,0.07078813575856036,-0.1242460974448281,0.02677711729774119,0.006390114882391935,0.0,-0.025356382180273383,0.009203918520935071,0.005887244431394657,0.006787987397430044,0.0,0.01071158322943476,0.0027981654441446985,0.0019657497460417893,0.003246805501698815,-0.01219941469557873,-0.03356284636611244,-0.01778899038598101,0.04551791017932785,-0.008977500586204116,0.015954966229223936,0.0437674530769572,0.022039701129056212,1.751588959781063,3.5900067652185657
0.009614340285845789,0.0020301978711021935,-0.06528448689777538,-0.0038930306154448123,-0.008760268090537308,-0.0015119056637962148,0.0034940648322008315,-0.0009227006562844544,-0.10368683433703504,0.01558887982514526,-0.03777259608470936,0.0052563737770345755,-0.005195994645582089,0.004718393587704066,0.00858285837970638,0.003574140828383839,0.007405292539079073,0.00150061436167604,0.011403777384650204,0.0021325339941252065,0.00228903618165631,-0.013794171701666864,0.008910110395476272,0.0007827923911817079,0.009589147971505733,-0.022011916813308247,0.01995263797367497,0.006048441861392056,0.05579000362955399,0.0844842577823422,0.5577634478947503,-0.3020716409204145
0.009952717749164196,-0.0035185322592083883,0.018034543240830387,-0.0039009888478650596,0.002923469723224926,-0.0021156561526095756,-0.012677685637358618,0.021040179162401706,0.1146078033863504,-0.1180747285340266,-0.035693483952672564,0.00474847221392023,-0.0059952200359619226,-0.02625972348728154,0.008094885231587324,0.002967662601000591,0.0072963929607419604,0.0012875026955483653,-0.011745414037905624,-0.007387271026719299,0.0016565602267296002,0.004063176556291983,0.008773741214479415,-0.001877589282383779,0.0433012723834082,0.05243301718326782,0.01826311806538383,0.0017181183130438307,-0.053703518271381374,0.05492711717049758,-0.4110375826595106,-2.2454888999181817
0.009654948823248344,0.0022524204109709563,0.026298304212839945,0.006689071595590457,-0.00962534002539058,-0.0013992490050276378,-0.0030595106599780046,-0.01664316723680223,-0.10503378767005661,0.016624114168221068,-0.04050346993926064,0.005865219891487529,0.004254361085476038,0.030438853379779588,0.009225321665674097,0.004332960700589739,-0.012006430855030838,0.0017864789140206857,-0.011559071946233757,0.0019250702324077433,0.00221071155396115,0.005568727944700396,0.008463267313909489,0.002451168365918985,0.011785924957910612,0.012560495056836313,0.017814163577067242,-0.005754883105222636,-0.051889140629727104,0.1319587257406394,1.1697077909461602,1.6338160352503122
-0.017202102764350163,0.0035119870031831545,0.10091748923277936,-0.003248735330984121,-0.009828770056050524,-0.0017199691246115596,0.0032422223329644706,-0.0011812978510968403,0.059146917047032996,-0.05203008150812366,-0.03256295683623126,-0.027576029185783852,0.0035233243792584454,0.03406283263304771,0.00861067288455736,0.0035000301852800377,-0.014163647769612295,0.0016107188482965482,0.01109857242273434,0.001969185043075663,0.0019440273089974508,0.0049340468819638415,-0.01491685598146871,-0.012270943782143658,-0.028290308944102487,-0.05969463216078418,0.019037809469796746,-0.03867340882530674,0.027355545133958714,-0.01882365725985067,-0.08063010534286408,0.3529191472438306
0.008599192906620104,0.001739773440458012,-0.06056510311321169,-0.0033269657685566748,-0.009874644265986212,-0.0012295021664266777,-0.0065382827562679045,0.012312120381274433,-0.04042674649233273,0.0736969614388295,0.023049381978992013,0.0056683807719717415,-0.001821645682724669,0.030801031000060763,0.009027040644720076,0.004135015148137358,0.007732049262383549,0.001761513413388666,-0.011819112300869353,0.002413968156503471,0.002263990630425841,0.005151377602037256,-0.014613996449379264,-0.013554667557707355,-0.02345672956790136,-0.07389715011218094,0.019835166572496343,0.02010550260143912,-0.005313042935275304,0.10282480507793983,1.1549992645190585,2.2289964594671474
0.009064024528682693,0.003573434603032839,-0.14099576162224675,0.008322414981341755,0.0035498685044641634,-0.0020481048879672655,0.01274084019501242,-0.014638873690909823,0.004294178099598885,0.013384210790562427,-0.028489085991329714,0.004584164122419682,0.017033855641801883,-0.02694424435306063,-0.03054714876596501,0.003023503217003987,-0.014070777850847965,0.001659103942405324,-0.010775326383211225,0.0012364464337117007,0.0015413372527432194,0.004304322972765322,-0.015112242413257449,-0.012609058372761434,-0.06733553141809705,-0.04510793210051207,0.018315627358476805,0.023275124430540986,0.11116541185613468,0.01982263686133817,-1.0065861099970212,-1.5777329801032736
0.01006792609371231,-0.0026999676397755044,-0.15231519341126776,-0.004086394510715642,-0.007699781275355739,-0.0016324838697734378,-0.013726396978135305,0.0172345451002687,0.10626465294374364,0.01454218977236213,0.019439282132780275,0.03416492541777663,-0.005470256007522687,-0.02573795233879031,0.008254750303936135,0.00337020830396701,0.006221362919415575,0.0014313450234129793,0.011213494057645781,-0.008242292093479507,0.0020442042173417097,0.0039373195232005505,-0.014771667604640805,-0.01803800160091191,-0.02823225575113189,0.006496857345962208,-0.017225303903142135,-0.023920700315057955,-0.04618502643760665,0.04683644533879226,-0.4045168070929077,-0.3023895134614577
0.0077023276918724804,0.002235360947094882,0.02902757738697316,-0.0036904016582510572,0.003951457067405504,0.0,0.008719486694859547,0.004015329690530884,-0.035473132095289066,0.06572155249817967,0.03409372775808182,-0.02523167378641176,0.0014016313078720581,0.030732934232104044,0.009473790636167727,0.006058450985912315,0.008157992666111344,0.0034785797654518784,-0.009636051698509384,-0.01106013807513156,0.0017717707988200472,0.004141211777083403,0.006796721462173452,-0.012639813427684022,0.030899692146847728,0.04304601125582964,0.019270782180714756,0.015520951321169159,-0.049214647964328305,0.01620680677562903,1.787017779196966,3.650527488297091
-0.018340963300446128,-0.003738567765374896,0.017961241071755216,0.009345049592004792,0.00279523637788378,-0.0020513345088451233,0.003964373124700238,-0.012409829456020595,0.004901598100720567,0.01363221417052586,0.016632764010135345,0.005084010206058735,0.015400943648932122,-0.025120909089215077,0.007398266220601883,0.002777999389652367,-0.009922032760085898,0.0016477854253182055,-0.010680316477372028,0.001214748308246958,-0.01724357723043487,-0.012859955714648071,-0.014603359899770374,-0.01760432607245719,-0.06637480379482302,-0.04358247889674699,-0.12910257106806722,-0.03720785918347142,0.018381682873105272,0.05963126686379163,-1.0114630132125961,-0.9328980769995201
0.0084237354096525,0.0021103962382381233,-0.1543886350068173,-0.0027670786916186223,0.0039036410195882033,0.0118711108008228,-0.007633583775178958,0.012024259964201374,0.05641277294075525,-0.04979124718543403,0.03568974019884168,0.005122985843977052,-0.0026248212555157286,0.006161470980169924,0.008906952084226373,0.003895881853943785,0.008251991301671197,0.0017680354124200131,-0.011523440785729366,0.002696719395891483,0.0021147555906347064,0.004788557603720629,0.007966008871566685,0.003490424871454354,0.012097676797562382,0.04307618012400609,0.019241898082371322,0.023538521114129733,0.07250328745870854,0.018836954659102692,1.1514332663205813,1.6078906936775401
-0.016026101141285543,0.0017593877298263624,0.10407304252385897,-0.0028663063427487386,-0.009936135458238385,-0.0013940946177601254,0.004272333108605503,-0.019265666914605663,0.08711856573934994,-0.050976086964491914,-0.038366409773471756,0.00570340253748972,-0.002402595905122626,0.007322826560156809,0.009176437191687547,0.0037392664954423505,0.007472340155477524,0.0017371063731030734,0.01174012130800331,0.002369317670307399,0.0030339928213931056,0.004357183384456854,0.0080594587369099,0.00440864492989223,0.012494029762316321,-0.022373179015447792,0.020457770109953536,0.021158549600712277,0.06294444588338151,0.1460379178276617,1.145600555729045,2.216303213021204
-0.017424058574540463,0.0038675097693697635,0.017447503461111423,-0.0032243772339460887,-0.008873435781713908,-0.0021158985349700407,0.010367078108719252,-0.004190354996478522,-0.10136912841415739,0.013544904385218971,-0.03036353197304767,-0.027152590090289006,-0.006328631402067172,-0.028513656891224353,0.007844065146848666,0.0033011108305759256,-0.014391031073856883,0.0013024230347842673,0.0105047656131083,0.001663066368748723,0.0017981023921589381,0.004371824714264373,0.008846095272071757,-0.01126043493220346,-0.0655027303103938,0.05895952714515774,0.018187688870623053,0.025749520923465382,0.02462908034694734,-0.026347786295715877,-1.3301280696594584,-0.944955777349856
0.009414376183192312,-0.004226813298739639,0.022762174857495276,0.0068960974853135475,-0.009582437089973014,0.01335959125609502,-0.009818778272056286,0.017067861576432898,0.10499388492656939,0.015738929172440016,-0.0356085887727233,0.005428374117931392,0.003067621300103124,0.005178855797448398,0.008907880279543548,0.0036744571066320156,0.008598591753528572,0.0019647306633618173,0.011834280778880915,0.0018208321089561055,0.0018328518838584432,0.005049485817176972,0.008110386589340527,0.008980849903626617,0.01015259819182169,0.00954500403396732,-0.014886487432564263,-0.012103133892450537,-0.011898351830712405,-0.010470326084008112,0.2445730861956533,0.35778055195439035
0.010129569237724267,0.002870765829475776,-0.06469815673530865,-0.0037856555713681283,0.003297921326820495,0.015273055171276565,-0.005720441344274856,0.008279337685605358,0.005258516811912524,0.013743119456229747,-0.034663185116334184,0.03783380698225085,0.0033134834752779744,-0.027518884119457975,0.007905579356388838,0.0030858151199414604,0.007749631684570271,0.0013602726074822022,-0.011458583077333337,-0.007117261754069041,0.0016695919957146373,0.0042875545755039395,-0.015272524313758301,-0.0014862053427789537,0.006961087155352137,0.029152215559215412,0.018620185646930056,0.01988928692501399,-0.0594017086668196,0.05340777873195341,-0.7310962347274346,-1.6275735224411636
-0.017199420189870338,-0.004149145692107262,-0.06036968274661524,-0.003038089432456825,-0.009463754511454632,-0.001739323250839538,-0.01166681764194058,0.01686764058836001,0.10649903200377055,0.07796774239109622,0.019464424753914102,-0.027002160977263663,-0.004014233683338537,-0.027869382229436294,0.008441190472570597,0.003486763964375143,0.0081268885313631,0.0017381004385858458,0.011576705181948328,0.0020173644952170343,0.002104337596284954,0.004792816065693655,0.008254305879387922,0.0008062908558552267,0.06834955700313343,0.0361728864730331,-0.015141100287650902,-0.06505888503409413,-0.054810426675692664,-0.02116036767917542,-0.0798252371346427,0.3497971202389784
0.009379791212726774,-0.002919647717567581,-0.1486409768956617,0.00881312118108291,0.003178068127247824,-0.0019034685360028378,-0.013450628898996864,0.0154512521719183,0.0069259326343914344,0.014062004861294664,0.019069766193386965,-0.024875371822819334,0.01636397287043801,0.0518651157871981,0.007650472339813686,0.0032521118192830843,0.005996521422921622,0.001666074849390157,-0.010961515276757488,0.0018759551544037228,0.002286766184803059,0.0038115395202223718,-0.014054439688912672,0.03037495824232136,0.007975164763056965,-0.04867092985403309,-0.05618891734092518,-0.04153775579007788,0.0704861807056035,0.04157607118140719,0.22167220167318516,-0.9227295121422023
0.009512510653872775,0.0028803918937606475,-0.15271593353672086,0.007345440779706265,0.0035464641916172894,-0.0017757250517411354,0.0028114720058275856,0.01884642920457874,0.06000185444310416,0.08097008923668578,-0.03501102629028746,0.005294329530318928,-0.005374863324338289,0.03265309300750973,0.008308678953073996,-0.030231632838532828,0.008062487822580238,0.0015388637597598955,-0.011994365159106367,0.002039903842861105,0.0019433510047780476,0.004526589892088219,0.008557461319731093,9.563893942759455e-05,0.008679023072776135,0.033454606688847296,0.01878702488887052,0.020812765831910895,-0.05947276194584913,0.04881697114983198,-0.4085483801485474,-0.3053069191053138
0.009800627269071712,-0.0019040782999251533,0.02118733709041295,0.009622627280747502,0.0021804916447438,-0.0013848327804131277,0.008558789573442445,0.006852331142201229,0.006679047890977129,0.014356797758026608,-0.04180540024578114,-0.023095080600442026,0.008700299834571473,0.0035886713487563748,-0.0290758412494592,0.003087931904688935,0.004374736472171406,0.001989138147512977,-0.011009335308594487,0.0015975279202165337,0.001730953721472584,0.003994600916130161,0.008755740738894145,-0.015511060934913893,0.04045545267655138,-0.017867541598926576,0.018312825471753218,-0.014819833360477541,-0.03716199963277189,-0.2958303768466549,0.2175573933496466,-0.2812394720136503
0.009658013404263279,0.0022929284719848497,-0.15594198435827136,-0.003780973861141817,0.0033714188944905473,-0.0017192657260455212,0.005665890418456455,-0.015395354837832817,-0.10459459064546338,0.015475822741486943,-0.038015113950137576,0.005335294467578561,0.009305337328753632,-0.027320882677976315,0.008394275168113441,0.003250778492484789,0.007328709093408336,0.0015997344939229481,-0.011588386298455235,-0.008403775702507083,0.0021998475216502794,0.004525343563070736,-0.015513435839481426,0.0008077030865183682,0.009457289840965713,0.008049900634914363,0.01904734731577396,0.0056094909456713814,-0.011659099699367964,0.08565811478049956,-0.08240569513356491,0.3517257451484229
0.009172788199624603,0.0031043371145093833,0.09733321304014476,0.008988902543242439,0.0006628272593185613,0.013054365602829899,-0.0053079380893169,-0.0033099579489366637,0.0062209573854815296,-0.04958344406359929,0.020258215437249094,0.005409335171882151,0.002540193416472554,0.0035157740584400208,0.0070959840209927575,0.003174254419030186,-0.006850863975775633,0.0021429889208798777,0.008054666848044083,-0.008903458244888645,-0.015802722742097763,0.0033780307520851855,-0.01631827535122766,0.0015410369684933653,0.07088191852366356,0.045143795021105736,0.017861246038397775,0.0073206915689089285,-0.03764942786938469,-0.3050078880523299,0.208275519690701,-1.4700756313686376
-0.01796184987448902,0.0029128448777184174,0.020974962371992027,-0.003629535684934479,0.003243130225176992,-0.0017803805559016407,-0.004333227580507902,-0.0023735389805277112,-0.10500328033988894,0.014932518804573778,0.01827462752474492,0.005189047459026976,0.003788093037342152,-0.028313847212221088,0.008445790580997967,0.0033763182850030647,-0.012749174632540146,0.0014972170832535092,0.011135898135374718,0.0021060929483103026,0.002104425486481266,-0.013655430650750549,-0.015226475132760493,-0.00037708200587035877,0.00849999749888751,0.0064182590012335705,-0.01870380926548553,0.005093280943503885,0.09164046322529501,0.07937685767200127,-0.7349753825616128,-0.3087810564519363
0.009631701322178419,0.0022800768998395365,-0.15842330759595938,-0.0035659769469823122,-0.008777160337164976,-0.0015094151098613525,-0.0018469452704084487,-0.0016087965605243739,0.05959284220761943,0.015529783777162244,0.04204474425014783,0.005331166563475069,-0.00509497504662953,0.004490215437015432,0.008434727447686183,0.003533768256200471,0.007591664573542569,0.00152437392044986,0.011683283882711651,0.0021335520342504063,0.0021035385342157813,0.0044844272625363365,0.008785587901623348,0.00040095142704471256,-0.028823520408426447,-0.02323160503482063,0.0189186050762786,0.01814347262922959,-0.05511907720103396,0.0887240608831947,0.23974021342716667,-0.30612978381772327
-0.018206137793063425,0.0031029740252814125,0.018713420357661426,-0.0037497289771743496,0.00291123482152224,-0.0019156650028996538,0.0022601406787206785,-0.0039693974516817904,0.005058026909065743,0.15498997640687176,-0.03429007793211671,0.005109353775977688,-0.006287488621061496,-0.027733868265299097,0.008132103125718658,0.0033070628307610857,0.007846890095402967,0.0013491602730004311,-0.01165426337750129,0.001573680067229175,-0.017479285636381865,-0.013410879391678758,0.00897253323918381,-0.0016393544287442992,-0.06740290132106552,0.004490739172725277,0.018711393674143297,0.020532703726139356,-0.059721564254083814,0.055647101164617296,-0.72908909196053,-1.620826468304505
0.009382497822295615,0.0029405592698787124,0.023431463178909318,-0.0030840976780857335,0.0035613169107836513,-0.0017698238845345268,-0.007771847437360618,0.015404358306633345,0.010714028763594596,-0.12468143944585576,-0.03553757966079205,0.005069844333529432,-0.003029104574537177,-0.028139394893753725,0.009031244970624675,-0.03186696229776482,0.008428329034818268,0.0016829166425549485,0.011462708633055256,0.0026388574384694323,0.0023812530925460466,-0.015299292350683873,-0.014945146781998897,0.0019922244551668503,0.03835880766763668,0.05831723276257072,0.019290719010399922,0.023678015503604325,-0.010275314541675303,0.004046782180125262,0.5641666913006419,0.9995999337286952
0.00944581465043967,0.002773641896492728,-0.06289472536376625,-0.0026984517146951955,0.0037882706416166975,-0.0016663495986083158,0.004656681273981262,0.0006230065374874898,0.010438144154519387,0.016297254716794125,0.03907384122263525,0.005617327534605438,-0.004077667619381856,0.050615321539631324,0.00899990601800268,0.003614584478426281,-0.013865937845693234,0.0023261025239273156,0.011429399750787902,0.0021282721792028384,0.0017340426064722755,0.005041136524414668,-0.014459378304921396,-0.013304682177859833,0.04154179058447731,0.011636261805440442,0.019066132385914678,-0.010116338384632188,0.029368658319696907,0.042121287188852864,0.5689797193551366,1.0112454237527086
-0.01780567746602003,0.004533068728275538,0.0163370677169051,-0.003907179649102794,0.0033925350583318154,-0.0024275350895667917,-0.013755084209081213,0.00912016440180409,0.1161508504841021,0.01379699904484768,0.012609571548031908,0.004568846252741807,0.0025974675183327313,0.0026718673685058106,0.007975663078675966,0.0032231014973888032,-0.013915650856769947,0.0016611965489262055,0.010631717042781878,0.0020489872672541528,0.0016878504632775965,0.003870757035149582,0.007919494826487275,-0.014159758895340735,-0.06592341515804073,-0.02139770025386008,0.019327610759881507,0.027229693027288514,0.11372434377978011,-0.0244274175459725,-1.5750890294321305,-1.557607646136691
0.009634021167340037,-0.003233629421971775,-0.06382237780768063,-0.0032778322506583613,0.003298672855738895,-0.0017643328078197154,-0.0010551665011095483,-0.017112900068817383,0.00912486731077316,0.015541520944260567,0.041312796052847045,-0.027354643279026508,0.0037759236793157985,0.055546843048985016,0.008512009869677093,0.0033395857121950034,0.008071318181923524,0.00150683364552788,0.011674328941830424,0.0020406883290089105,0.0020589716196272746,0.004588537962153305,0.008477335149230117,0.0011748130015858554,0.010072478185758623,0.037992387412086645,0.01882915824710971,0.020235473781653718,-0.057801639879417416,0.05870497258760713,0.564827686604904,-0.30140436531222403
-0.017738755274499547,-0.0028438766507266505,-0.14668530624329065,0.008999331703119458,0.0024619149676130504,-0.001218102975149094,0.009622977040892825,-0.002677068624778094,0.005747571605173147,-0.05090519728494591,-0.037765197047822434,0.004465632171335359,0.014117091448957264,0.0030924855564718966,0.00810754612046582,0.0027243715980202455,0.005758289720421827,0.0018983260109377918,-0.010631856608126758,0.00185297331420567,0.0022088239763235914,-0.011331083618364917,0.008630067495218286,-0.016228415165960724,-0.0655678928178223,-0.04190793999982966,0.019194732995678747,-0.007749740499274406,-0.04449520973381154,-0.048643132136383715,-0.6937783461791408,-0.2967372704499516
-0.018528227648869484,0.003341445882717829,0.09438298344486644,-0.004726462601474661,0.002148702693872212,0.016437735329187003,0.0017588293345086714,0.02307262762176614,0.0006238920188069656,-0.052787183408268955,0.045737366622557854,-0.026020296286402022,-0.007401974648660404,0.00046914308304640693,-0.02869127623016407,0.003005904763190714,0.0060397054572702905,0.0016314604917137502,0.010257861889129864,0.0017334410194501742,0.0016458043626556454,0.003927595426294211,0.008115339073461231,0.03575037087308164,0.004338593528063625,0.022760884695872223,0.019230246679207592,-0.014981407071053115,0.101233357322768,0.04697726094851282,-0.966126235056064,-3.9135744842086964
0.009941315399274949,-0.0044834328601547615,0.17881694479803822,0.006903922779547729,0.0033359007306187727,-0.002059205746629526,-0.0035382798480549623,0.010189946615516017,0.0063213094815581196,-0.05271275489759771,0.039697719741917104,-0.02769433535334668,-0.00485886938429088,0.003732052320599535,0.008554585523490055,0.0029489462945549503,-0.013954623640846974,0.0015453402252193192,-0.01138785014643872,0.001839989653476837,0.001837130615135757,-0.014807805073474135,-0.015355057362090729,-0.0007938216395972601,-0.06909472515750832,0.006513104030074001,0.017853505176885564,0.004792515126216659,-0.061034582459714104,-0.037686628597037086,-0.4137494355642575,-0.9650617695739874
0.009956463220558133,0.002011523519622058,0.02106914054825286,-0.003807096412163635,-0.007557473143442039,0.013675409601759204,0.003399604951425545,-0.014253085874368274,0.006776775016079792,0.014903282962071895,-0.040578906612167044,0.005001219771891867,0.010471340322322704,-0.026471187189373364,0.008056108456130978,0.003151282973282946,0.006702923930227406,0.0014889857537558854,0.011250772303446439,0.001932034619766729,0.0019282757200036877,0.004212795005335314,0.00874003796123684,0.010781758136794264,0.042873396227280224,0.029193345764434296,0.018721395033573503,0.0035198149731344624,-0.05084682696403016,0.047234238102359084,-0.08773789103565456,-0.95532667871723
0.008491710942589069,0.0025456030895961526,-0.0564082247188226,0.005634571491084496,0.0034139756063291645,-0.0006237670051418999,-0.005289854546157681,0.011045951989604513,-0.037711158357041995,-0.12378160197062979,0.0252935311462418,0.005246611364825529,-0.0009039690812855692,0.0070760153549861505,0.008712793091896388,0.004297065043822143,0.007785995461452231,0.001262623106867282,-0.011996859656569535,0.002943746648541762,0.0019895786798816324,-0.015546936855286991,0.008404199220243299,-0.0005642665563328152,-0.02115203686649978,-0.02437220636541682,-0.010736520704016024,-0.0065313715342255356,-0.002726095924977852,0.005091948013796935,1.649686509532611,2.7287057857972417
0.012081246844216206,0.0,0.012872351667656736,0.0,0.0,0.0,0.0,0.0,0.03852015042498775,-0.08035667457298183,0.02158798009966276,0.0,0.0,-0.023779193743093528,0.0,0.0,0.0,0.0,0.0,0.0,0.0,0.0,0.0,0.0,0.023164320288045586,0.0,0.0,0.0,0.019049281279658103,-2.530315038165898,0.5946553683198734,1.4744953243212755
-0.018286939780334764,-0.004173153535511075,0.017602034696935043,-0.0038166635991640323,0.0029388692446840306,-0.0016752222433420575,-0.006237760181947609,0.008236448487170018,-0.04976660787866439,0.013630481028421043,-0.03219340806814876,0.004968619641819645,0.0030176157452027866,0.002758816874759988,-0.03151887059622269,0.0024635342369658626,0.0074035083541363665,0.001359308187343495,0.010919859536077754,0.0017315186945010969,0.002223665520076489,0.004154359198490583,0.008906662843248586,-0.0018257966293688428,-0.06624435141916019,-0.020466911042118105,-0.02019154914279262,-0.01632663275414234,0.021710472398990516,0.04815164369783357,-1.0434502357855768,-1.6249937554691973
0.009471018910032093,0.002921225831253548,0.02460297642340203,-0.003003220497117689,0.0037367459907179006,-0.0013077189103238593,-0.0011189578152267332,-0.018155618170878487,0.05801793163300823,-0.12722024676111704,0.03829939452602858,0.005314740619856745,-0.003826982055322964,0.03232862880606441,0.008527455865300718,0.003675570434430168,0.008585384738054863,0.0016231242364960288,0.011453362909100187,0.002411932259718045,0.001960962650344312,0.005309532156469742,0.008423636272117323,0.0021540074950042493,0.011333258050313806,0.011911110762280226,0.01880966033384439,0.022226618331031553,0.029651622956332453,-0.0008163948241723888,0.563066060720975,1.003068996376716
-0.014498887842081377,0.0,0.0820272568783686,0.008556602007243947,-0.008038724570435432,0.014309287269151615,-0.013128175416031037,-0.010878023399815933,0.12327027136738583,0.010930254875058125,0.03984629225873909,0.005343037820362669,-0.007034282656896546,0.0,0.009601695426739387,0.00610166198479471,-0.013410881053550311,0.0,-0.008790540771995724,0.0,0.0,0.0,-0.012107934458905591,-0.013416700522118595,0.0,0.056788565637445464,0.01389086005001515,0.025584016786833225,-0.061618807788941826,-0.06997607439709559,-1.532632242125395,-5.7780598804291925
-0.015119409650307425,0.002293738141264606,0.09770905903204852,0.005703840088933225,-0.01008843108733131,0.010596126105174205,-0.0061870033297687374,0.002499636268242417,-0.1045613715803919,0.016854362290403744,-0.037264851556650845,0.005442849442715246,-0.0017295998471738587,0.006922615101538275,0.008953957197237026,0.003520020475513564,-0.013238366902383199,0.0016653211647045972,0.0115170007907941,0.002448767075013915,0.0022044624111852386,-0.01566078263884173,-0.014337563562279098,0.0038792252325680504,0.012402778045590682,-0.02356703449455275,0.018276336539827208,-0.03808518913890854,-0.05347141821837473,-0.008180282020341887,1.4140324495950551,2.1826348597656713
0.00900042059113724,0.0009906288638969261,-0.059209539757159896,-0.0028063025740344472,0.002264096080248853,0.009654144729546644,0.0014670105066370129,0.010319470053847866,0.052313126129704235,0.015021939209796992,-0.04392611624162907,-0.02371119244663071,-0.0031243555083568107,-0.02395583392736925,0.008845316013821873,0.003794882848586368,-0.00815703804910082,0.0010126882243233822,0.010620936817511556,0.0022861718610801395,0.0022180082369796864,0.00332879951003068,0.008048985846944553,0.011482097282254598,0.03577886411430233,0.045866957838002625,0.019081342559557634,-0.01839023150773277,-0.03853574374850091,-0.2532415184250425,1.1069889861694666,0.9440811388104258
0.009884907898478061,0.0024549217813233395,-0.06529727117272154,-0.0035423593647168007,0.0034933706666888057,-0.0018396270225425726,0.003504554843857279,0.01050452278231937,0.008847106617301995,0.016035668863874666,0.0430882448812582,0.005825322309462302,-0.004923915867651229,0.004522578023111034,0.00874358195114926,-0.03185872229433062,0.00764767663490523,0.0016461585385014205,-0.012074298437968483,0.002122108854566537,0.00238368933792502,-0.014259868274752374,0.008839630751833853,0.000842867243571983,-0.027967258452317064,0.009005162089281244,0.019467254782158456,-0.01036354770967972,-0.011667983288997739,0.09618380191428913,-0.08252508489094919,0.36049741620433573
-0.01794361803856808,0.004023313981793035,-0.062244943493000575,-0.003836621755930825,0.0036477008646873025,-0.002173646596968424,-0.009396632030642284,-0.006475215508387086,0.060670151238165965,0.15920723985623336,-0.030816022212244776,0.0037623746900679535,-0.00826388745490722,-0.026723864348849026,0.00696185552987645,0.0023210630419617196,-0.013143023211237666,0.0011788502481383592,0.01104947831777644,0.0017332392818818914,0.001496479677021395,0.0042192345155859495,0.008546611968037446,0.00983722289320724,0.09279448523672809,0.0009277721690372422,0.01830859157959056,-0.031075446336364533,0.01956255727210052,-0.012987109165190748,-1.2651505493668413,-3.3869572509899957
0.007287809652259503,0.0021014671840478252,0.02853355881909107,-0.0022062696363759097,0.004208722968409433,0.0,0.007496661958690957,-0.018879424840348963,0.05328915383187098,-0.0476219148074682,-0.03816467937892759,-0.02489807583650093,-0.0026086313510389862,0.028629220050517944,0.009670511233180495,0.003158578956134201,0.0072385159368852136,0.002800319577796364,0.011230962118292723,-0.010661584817581416,0.001645579474673959,0.007026116011756446,0.006820916770051471,0.007421118037313546,-0.018989369584647812,0.016250063890234777,-0.008389243723272126,-0.005420796053404522,-0.04820218108195593,0.01362693106819093,1.6040401757523288,3.7175843276600915
-0.01793983162041506,-0.004200369246268613,-0.064654680541338,0.00811208640612658,0.003224433586861326,-0.0019562493510992584,-0.004909080133796833,0.021313494694126297,0.005818496756899108,0.08259167632090635,0.01723800292549598,0.005129463370643563,0.012436749031816003,0.003379088531062731,0.008372282365476305,0.0033047600918186563,-0.012426440489912757,0.0014647652241118708,0.011286060575297109,-0.007831651378104222,0.0021210235665007544,-0.013323436309830518,0.008839040152554148,0.01247133053464212,-0.02988233128469959,-0.04749877452803132,0.019046531315339888,0.0037714538679994745,-0.056317301041473616,0.06719623863889017,-0.7281132346092785,-0.9668553519910272
0.009288537964244175,0.002692447270780525,0.024220208772974008,-0.003323793338077426,-0.009803035109049452,-0.0020040630735001937,-0.008907982110468464,0.011373542564341282,-0.04491810946916218,0.015868639053459355,0.039700026585453456,-0.026937090274061496,-0.0037624947127746227,0.005267557557252561,0.008707842255420298,0.00380728713473065,-0.013774635200074431,0.0015019799928652213,-0.012217128610817255,0.0023468998333304463,0.002151116092588453,0.004637713387289664,-0.014577413387860146,0.009187708295634294,0.04033916131679713,0.011343714072544487,0.018928512589242823,0.008533267971592543,0.028810078474458208,-0.010237811257017563,0.8785082392682957,0.36128590190057575
-0.018234361088462055,0.0034671722367049765,0.09898628108240254,-0.0036098556226256046,0.0028646226009199196,-0.002153325496999546,0.0019498629517349826,-0.004517133389262625,0.0035745876660986785,0.01385944826212537,-0.0349340661836122,0.005360531293756904,0.003613710990284048,0.002301302968529712,0.00803730232421628,0.0026467623327561703,0.008251412152508008,0.0011472403912160226,0.010880191620120836,-0.006745686212276372,0.0016391460798363157,0.0037665554093307746,-0.014946336603788742,0.03800164832463644,0.0064713640461141605,0.05240026648049468,0.018908963082412817,0.021924419839673383,0.06509176132545577,0.043142492887988694,-1.0164323671318611,-2.232037370772746
