0,1,2,3,4,5,6,7,8,9
"('Walc > 3.00', -0.3678289592136323)","('Dalc <= 1.00', 0.23676489287545976)","('Mjob > 3.00', -0.07938639778425483)","('G2 > 13.00', 0.07815115763913275)","('famrel <= 4.00', 0.07717176931974269)","('famsup <= 0.00', -0.07566445019798797)","('health <= 2.00', 0.073737999479985)","('freetime <= 3.00', 0.07247334548719078)","('2.00 < Medu <= 4.00', -0.06745051327084026)","('17.00 < age <= 18.00', 0.05214815601894931)"
"('1.00 < Dalc <= 2.00', -0.12270382071421902)","('activities <= 0.00', 0.07547821980784597)","('0.00 < famsup <= 1.00', 0.06484390152331097)","('romantic <= 0.00', -0.06279709363375212)","('age <= 16.00', -0.06219909250118745)","('famrel <= 4.00', 0.062047665565105166)","('2.00 < Medu <= 4.00', -0.056215061665477774)","('freetime <= 3.00', 0.0540711299888652)","('2.00 < Mjob <= 3.00', -0.051478303690430584)","('1.00 < studytime <= 2.00', 0.04863198476003128)"
"('Dalc <= 1.00', 0.22171972438057305)","('health <= 2.00', 0.08931966488174385)","('Mjob > 3.00', -0.08644275171074951)","('famrel <= 4.00', 0.0775750554995747)","('G2 > 13.00', 0.07097241889026898)","('2.00 < Medu <= 4.00', -0.06945182366305347)","('goout > 4.00', 0.06626079724771514)","('romantic <= 0.00', -0.06478315674541786)","('freetime <= 3.00', 0.05918707630552726)","('famsup <= 0.00', -0.05840113584724037)"
"('Dalc <= 1.00', 0.22528373077930555)","('2.00 < Walc <= 3.00', -0.17224793357484894)","('Mjob <= 1.00', 0.09033197356020922)","('health <= 2.00', 0.08072586068179705)","('2.00 < Medu <= 4.00', -0.0739861247764394)","('4.00 < famrel <= 5.00', -0.0710549591831551)","('age <= 16.00', -0.06734672851756193)","('0.00 < famsup <= 1.00', 0.059564645236139344)","('freetime <= 3.00', 0.04923165817387802)","('activities <= 0.00', 0.049215896120215326)"
"('Walc > 3.00', -0.366969331139528)","('1.00 < Dalc <= 2.00', -0.1078211740482257)","('4.00 < health <= 5.00', -0.08489541917435768)","('famrel <= 4.00', 0.07726206263203754)","('0.00 < famsup <= 1.00', 0.06681172908885431)","('freetime <= 3.00', 0.06503605324335723)","('0.00 < romantic <= 1.00', 0.06046316760987828)","('failures <= 0.00', 0.05969348522544751)","('age <= 16.00', -0.0574193805616513)","('activities <= 0.00', 0.05585871727568394)"
"('Walc <= 1.00', 0.36980390661334406)","('Dalc <= 1.00', 0.22868255855761624)","('studytime > 2.00', 0.11209709204884313)","('Mjob > 3.00', -0.09509907781111146)","('famrel <= 4.00', 0.08201172627319708)","('G2 > 13.00', 0.07993874199583)","('famsup <= 0.00', -0.07578509585228548)","('age <= 16.00', -0.06502328639383675)","('2.00 < Medu <= 4.00', -0.059627341064847274)","('0.00 < activities <= 1.00', -0.05762729872046414)"
"('Walc <= 1.00', 0.3674031184229698)","('Dalc <= 1.00', 0.22980648394580316)","('Mjob <= 1.00', 0.09435824606347655)","('famrel <= 4.00', 0.08166869293260087)","('G2 > 13.00', 0.08011857725839518)","('famsup <= 0.00', -0.0709941332176208)","('2.00 < Medu <= 4.00', -0.06953837906066336)","('age <= 16.00', -0.06353489430825231)","('0.00 < romantic <= 1.00', 0.05370155901648781)","('freetime <= 3.00', 0.0506869447853054)"
"('Dalc <= 1.00', 0.22713069171004951)","('2.00 < Walc <= 3.00', -0.1725555384123231)","('4.00 < famrel <= 5.00', -0.08687188874511152)","('4.00 < health <= 5.00', -0.08355950229021232)","('G2 <= 10.00', -0.0804811351384355)","('0.00 < famsup <= 1.00', 0.06455116320580594)","('guardian <= 1.00', -0.062419197866793605)","('2.00 < Mjob <= 3.00', -0.059328388165489424)","('Medu <= 2.00', 0.05661441474380708)","('0.00 < romantic <= 1.00', 0.0554197867225158)"
"('Walc > 3.00', -0.3840418145365602)","('1.00 < Dalc <= 2.00', -0.12891220743207954)","('famrel <= 4.00', 0.08230531131440622)","('0.00 < famsup <= 1.00', 0.0684024908565133)","('G2 <= 10.00', -0.06795079949910021)","('2.00 < Medu <= 4.00', -0.06305222812180727)","('freetime <= 3.00', 0.05895397554773404)","('1.00 < studytime <= 2.00', 0.05634051844780841)","('2.00 < Mjob <= 3.00', -0.05139630881233826)","('romantic <= 0.00', -0.04871592052899294)"
"('Dalc <= 1.00', 0.22599898975162117)","('0.00 < famsup <= 1.00', 0.07557277758497472)","('G2 <= 10.00', -0.07534202369140094)","('famrel <= 4.00', 0.07150848950564345)","('4.00 < health <= 5.00', -0.06302657057435622)","('activities <= 0.00', 0.06098205157418135)","('Medu <= 2.00', 0.058882580413851596)","('freetime <= 3.00', 0.05406208423707733)","('1.00 < studytime <= 2.00', 0.05172667047738217)","('traveltime <= 1.00', 0.04845599779618063)"
"('Walc <= 1.00', 0.36961518427637635)","('Dalc > 2.00', -0.2685469871616769)","('studytime > 2.00', 0.10330069756113307)","('Mjob > 3.00', -0.09837005637423236)","('famrel <= 4.00', 0.07715718865219882)","('4.00 < health <= 5.00', -0.07632516035695204)","('famsup <= 0.00', -0.0651611955829903)","('2.00 < Medu <= 4.00', -0.06310428933030254)","('G2 > 13.00', 0.06291920807588659)","('0.00 < romantic <= 1.00', 0.05554175446441035)"
"('Walc > 3.00', -0.37141620506279965)","('studytime <= 1.00', -0.12688078791348972)","('1.00 < Dalc <= 2.00', -0.11971646078895125)","('famrel <= 4.00', 0.08701015114241666)","('famsup <= 0.00', -0.07943274476180795)","('age <= 16.00', -0.07225516299701065)","('4.00 < health <= 5.00', -0.06257101333317011)","('goout <= 2.00', -0.059233586967489864)","('romantic <= 0.00', -0.05909181979974409)","('activities <= 0.00', 0.05822448566590217)"
"('Dalc <= 1.00', 0.2386846162565037)","('2.00 < Walc <= 3.00', -0.15325320284475502)","('studytime > 2.00', 0.11405336550546852)","('Mjob <= 1.00', 0.09039274549135227)","('health <= 2.00', 0.08481426328315551)","('4.00 < famrel <= 5.00', -0.07566879515065113)","('freetime <= 3.00', 0.07058675036496638)","('famsup <= 0.00', -0.06778495044866055)","('2.00 < Medu <= 4.00', -0.06488953624986558)","('0.00 < romantic <= 1.00', 0.06385259223664498)"
"('Dalc <= 1.00', 0.2308385386614116)","('studytime > 2.00', 0.09886729961937767)","('4.00 < famrel <= 5.00', -0.07863232966330956)","('G2 <= 10.00', -0.07458113944383984)","('4.00 < health <= 5.00', -0.06991947063794442)","('romantic <= 0.00', -0.06476808444755935)","('famsup <= 0.00', -0.06062134240210561)","('Medu <= 2.00', 0.05732537560511328)","('age <= 16.00', -0.054282058363810705)","('activities <= 0.00', 0.04974647888275169)"
"('studytime > 2.00', 0.11074115678384608)","('1.00 < Dalc <= 2.00', -0.1044821813900443)","('4.00 < health <= 5.00', -0.07897288107731233)","('age <= 16.00', -0.07387665164030348)","('famrel <= 4.00', 0.07364554758899494)","('Medu <= 2.00', 0.06800739710615519)","('failures <= 0.00', 0.05049634338927886)","('0.00 < famsup <= 1.00', 0.050455647187381505)","('romantic <= 0.00', -0.046353177444992906)","('0.00 < school <= 1.00', 0.0434874395721897)"
"('Walc > 3.00', -0.3654576849288517)","('1.00 < Dalc <= 2.00', -0.11124280727711046)","('health <= 2.00', 0.09832573791674684)","('famrel <= 4.00', 0.08279388619814354)","('Mjob <= 1.00', 0.07726967329004733)","('2.00 < Medu <= 4.00', -0.07354974568015404)","('0.00 < famsup <= 1.00', 0.06179810258650875)","('age <= 16.00', -0.05766015578062515)","('0.00 < activities <= 1.00', -0.0489841412449216)","('romantic <= 0.00', -0.04839532116918514)"
"('Dalc > 2.00', -0.26439196562944145)","('2.00 < Walc <= 3.00', -0.1545321281827055)","('Mjob > 3.00', -0.0859658083960788)","('0.00 < famsup <= 1.00', 0.07155283940723592)","('4.00 < health <= 5.00', -0.07149831979917007)","('famrel <= 4.00', 0.06858606507568758)","('2.00 < Medu <= 4.00', -0.0657666580937526)","('romantic <= 0.00', -0.06311774315526866)","('failures <= 0.00', 0.05449335264107373)","('activities <= 0.00', 0.054455034137403595)"
"('1.00 < Dalc <= 2.00', -0.12222904904249467)","('studytime > 2.00', 0.10162381936299725)","('famrel <= 4.00', 0.09274004192865606)","('G2 <= 10.00', -0.08423464673990651)","('2.00 < Medu <= 4.00', -0.06190482721411997)","('freetime <= 3.00', 0.060940884032698046)","('0.00 < famsup <= 1.00', 0.057629680398229764)","('failures <= 0.00', 0.055996153237873235)","('romantic <= 0.00', -0.05471272846689952)","('activities <= 0.00', 0.04614994701698169)"
"('2.00 < Walc <= 3.00', -0.17075214661345522)","('studytime > 2.00', 0.11811754283869201)","('1.00 < Dalc <= 2.00', -0.11147232272527031)","('famrel <= 4.00', 0.08410114071442787)","('age <= 16.00', -0.07385338334937652)","('G2 > 13.00', 0.07285958377026706)","('0.00 < famsup <= 1.00', 0.06892461517946183)","('2.00 < Medu <= 4.00', -0.0622927263953127)","('activities <= 0.00', 0.05938993122297194)","('romantic <= 0.00', -0.05661585191468341)"
"('Dalc <= 1.00', 0.23422896858912962)","('Mjob > 3.00', -0.10318983571108645)","('famrel <= 4.00', 0.08237873746971258)","('G2 > 13.00', 0.07841937491762242)","('health <= 2.00', 0.07660746119515263)","('2.00 < Medu <= 4.00', -0.07203703468222164)","('0.00 < famsup <= 1.00', 0.06581849281747217)","('freetime <= 3.00', 0.06568771941655717)","('romantic <= 0.00', -0.06288953891408407)","('age <= 16.00', -0.0621035672706916)"
"('Dalc <= 1.00', 0.23083065790453805)","('2.00 < Walc <= 3.00', -0.16670151052377055)","('studytime <= 1.00', -0.12785579022847665)","('G2 > 13.00', 0.09021613256163859)","('famrel <= 4.00', 0.08695894727616363)","('Mjob <= 1.00', 0.0866996170796669)","('4.00 < health <= 5.00', -0.08177031570503823)","('0.00 < famsup <= 1.00', 0.06490041892709368)","('2.00 < Medu <= 4.00', -0.063235773777811)","('activities <= 0.00', 0.056830025349859155)"
"('Walc > 3.00', -0.36406408369397064)","('studytime > 2.00', 0.12195280011117642)","('1.00 < Dalc <= 2.00', -0.1113202216841796)","('Mjob > 3.00', -0.08529270651616476)","('famrel <= 4.00', 0.07544278470686248)","('2.00 < Medu <= 4.00', -0.06478297164088653)","('age <= 16.00', -0.06082023990900378)","('0.00 < famsup <= 1.00', 0.05996036977330153)","('0.00 < activities <= 1.00', -0.054119051152672)","('romantic <= 0.00', -0.04799815870373048)"
"('2.00 < Walc <= 3.00', -0.16811029233982563)","('1.00 < Dalc <= 2.00', -0.12371908739933207)","('Mjob <= 1.00', 0.10196714164810058)","('health <= 2.00', 0.08447519132672798)","('age > 18.00', 0.07360069245788192)","('famrel <= 4.00', 0.07359882827270313)","('0.00 < famsup <= 1.00', 0.06463926102162468)","('1.00 < studytime <= 2.00', 0.0568554208773805)","('freetime <= 3.00', 0.05513043017296634)","('2.00 < Medu <= 4.00', -0.05478487810175543)"
"('Walc > 3.00', -0.3658815235616361)","('Dalc > 2.00', -0.27732700472055744)","('studytime <= 1.00', -0.12769965263751232)","('health <= 2.00', 0.08968535735025514)","('2.00 < Medu <= 4.00', -0.0726287546083808)","('4.00 < famrel <= 5.00', -0.0722180214054792)","('age <= 16.00', -0.06547388941578959)","('famsup <= 0.00', -0.06540691054812349)","('freetime <= 3.00', 0.06122532745397339)","('romantic <= 0.00', -0.05844766402997328)"
"('Walc <= 1.00', 0.3740496003631426)","('Dalc <= 1.00', 0.22264167121931902)","('famrel <= 4.00', 0.08611077742730978)","('G2 > 13.00', 0.08009364847431982)","('0.00 < romantic <= 1.00', 0.06172221754633436)","('age <= 16.00', -0.060925517413360726)","('famsup <= 0.00', -0.0600920733445699)","('Medu <= 2.00', 0.05932405227190066)","('1.00 < studytime <= 2.00', 0.054946225255293774)","('freetime <= 3.00', 0.054363554426635104)"
"('1.00 < Dalc <= 2.00', -0.12171125679709847)","('studytime <= 1.00', -0.12050081847171631)","('famrel <= 4.00', 0.0907452853786485)","('4.00 < health <= 5.00', -0.0784616825555339)","('famsup <= 0.00', -0.061584580806480715)","('romantic <= 0.00', -0.06057096311846823)","('2.00 < Medu <= 4.00', -0.05836790038460874)","('freetime <= 3.00', 0.05730714302523546)","('activities <= 0.00', 0.056261808211185996)","('goout <= 2.00', -0.051296693956009096)"
"('Walc > 3.00', -0.3731706499989507)","('Dalc <= 1.00', 0.22453364445290538)","('studytime <= 1.00', -0.13489838621558836)","('Mjob <= 1.00', 0.09173001229630004)","('health <= 2.00', 0.0845399480482014)","('4.00 < famrel <= 5.00', -0.07842879020053013)","('G2 <= 10.00', -0.069416163519549)","('famsup <= 0.00', -0.06819772632468758)","('Medu <= 2.00', 0.060606580258701505)","('freetime <= 3.00', 0.06060221492383461)"
"('Walc <= 1.00', 0.3748679904501459)","('Dalc <= 1.00', 0.2253267599808775)","('studytime > 2.00', 0.1141552524227014)","('famrel <= 4.00', 0.0819511930066761)","('health <= 2.00', 0.08144373514779757)","('Medu <= 2.00', 0.0625607187656702)","('famsup <= 0.00', -0.06196258103921009)","('0.00 < activities <= 1.00', -0.05240123836275019)","('0.00 < romantic <= 1.00', 0.05201218116911489)","('goout <= 2.00', -0.04882117859398424)"
"('Walc <= 1.00', 0.37080879588708204)","('Dalc <= 1.00', 0.2296673741534188)","('studytime > 2.00', 0.11811682848641876)","('famrel <= 4.00', 0.07485741028041154)","('Medu <= 2.00', 0.06754068597910579)","('0.00 < famsup <= 1.00', 0.0645551636733645)","('activities <= 0.00', 0.056713877880216625)","('freetime <= 3.00', 0.05628556844101894)","('0.00 < romantic <= 1.00', 0.053503376505967926)","('fatherd <= 0.00', 0.04184298158664142)"
"('Walc <= 1.00', 0.3673235221215929)","('Dalc <= 1.00', 0.22315935185957028)","('4.00 < health <= 5.00', -0.08806893942079388)","('famrel <= 4.00', 0.08328528252447574)","('G2 > 13.00', 0.07370306790182019)","('0.00 < famsup <= 1.00', 0.06573238104254316)","('age <= 16.00', -0.06540287398959667)","('2.00 < Medu <= 4.00', -0.0630056721264084)","('romantic <= 0.00', -0.06132046889465632)","('freetime <= 3.00', 0.05774587634349355)"
"('1.00 < Dalc <= 2.00', -0.11232781762015664)","('studytime > 2.00', 0.10353413502030123)","('G2 > 13.00', 0.0864813347036277)","('famrel <= 4.00', 0.07851742395281523)","('famsup <= 0.00', -0.07409150558585995)","('4.00 < health <= 5.00', -0.07368843884275138)","('freetime <= 3.00', 0.0625249406884263)","('2.00 < Medu <= 4.00', -0.06153902935470029)","('activities <= 0.00', 0.056991059326418674)","('0.00 < romantic <= 1.00', 0.053710767603398366)"
"('Walc <= 1.00', 0.36796854570652904)","('Dalc <= 1.00', 0.2263662336715687)","('health <= 2.00', 0.08612168701180249)","('4.00 < famrel <= 5.00', -0.07877319231726758)","('age <= 16.00', -0.0688470713704707)","('Medu <= 2.00', 0.06581874326039412)","('0.00 < romantic <= 1.00', 0.0648604334844675)","('famsup <= 0.00', -0.06477392530969495)","('freetime <= 3.00', 0.05498062888526568)","('1.00 < studytime <= 2.00', 0.054897559168038935)"
"('studytime <= 1.00', -0.1321055208965929)","('1.00 < Dalc <= 2.00', -0.11998273463501127)","('famrel <= 4.00', 0.09392733942533071)","('Mjob <= 1.00', 0.08990405156982159)","('4.00 < health <= 5.00', -0.0871449546080632)","('Medu <= 2.00', 0.07181172085681142)","('G2 <= 10.00', -0.07040593613441923)","('famsup <= 0.00', -0.06803651424503765)","('0.00 < romantic <= 1.00', 0.0642564290445573)","('goout <= 2.00', -0.0632883761857316)"
"('Walc <= 1.00', 0.3669295822407636)","('Dalc <= 1.00', 0.22401248235148885)","('Mjob <= 1.00', 0.09038001535771022)","('health <= 2.00', 0.08416128161826443)","('famrel <= 4.00', 0.0800465295197834)","('G2 <= 10.00', -0.06980933997676984)","('Medu <= 2.00', 0.06514593768390493)","('romantic <= 0.00', -0.05941483299751448)","('0.00 < famsup <= 1.00', 0.05665763976766519)","('age <= 16.00', -0.053690118339531544)"
"('2.00 < Walc <= 3.00', -0.16473571402529785)","('1.00 < Dalc <= 2.00', -0.1288838347791644)","('G2 > 13.00', 0.08399477305018138)","('famrel <= 4.00', 0.07593830636961235)","('4.00 < health <= 5.00', -0.07202588613565118)","('2.00 < Medu <= 4.00', -0.06561986431454253)","('activities <= 0.00', 0.06255494775216311)","('freetime <= 3.00', 0.06184788945619546)","('0.00 < famsup <= 1.00', 0.060247722000320476)","('romantic <= 0.00', -0.0530420087133087)"
"('Walc <= 1.00', 0.3751644348998328)","('Dalc <= 1.00', 0.22408997431931224)","('famrel <= 4.00', 0.08503767993266735)","('4.00 < health <= 5.00', -0.08348577665227827)","('G2 > 13.00', 0.0704204281775695)","('Medu <= 2.00', 0.07010735848471607)","('famsup <= 0.00', -0.06491719992639362)","('freetime <= 3.00', 0.0643219566554832)","('2.00 < Mjob <= 3.00', -0.05476438422466811)","('0.00 < activities <= 1.00', -0.05471519740509055)"
"('Walc <= 1.00', 0.3665470686738444)","('Dalc <= 1.00', 0.22320679763623924)","('studytime <= 1.00', -0.12906900585634826)","('Mjob > 3.00', -0.09862023584066934)","('4.00 < famrel <= 5.00', -0.08317886421867342)","('G2 > 13.00', 0.07602982118208995)","('freetime > 4.00', -0.0656297413400474)","('famsup <= 0.00', -0.06348215445146456)","('age <= 16.00', -0.06286205468424262)","('0.00 < activities <= 1.00', -0.06036278843816633)"
"('2.00 < Walc <= 3.00', -0.17174624059552976)","('studytime > 2.00', 0.1112272124316825)","('1.00 < Dalc <= 2.00', -0.11108542622790353)","('Mjob <= 1.00', 0.0881148744731276)","('health <= 2.00', 0.07570187262565474)","('famrel <= 4.00', 0.07335259200835148)","('G2 > 13.00', 0.07237303818943269)","('freetime <= 3.00', 0.06416036693288082)","('fatherd <= 0.00', 0.0617171865839805)","('famsup <= 0.00', -0.0577413007665138)"
"('Dalc <= 1.00', 0.2199850447909431)","('studytime <= 1.00', -0.13062435481564105)","('4.00 < famrel <= 5.00', -0.07974260214067971)","('4.00 < health <= 5.00', -0.07578936801077994)","('activities <= 0.00', 0.06459316236533326)","('freetime <= 3.00', 0.0618546480476898)","('famsup <= 0.00', -0.0614991478740181)","('2.00 < Medu <= 4.00', -0.05835807580092568)","('2.00 < Mjob <= 3.00', -0.05547736145090937)","('romantic <= 0.00', -0.043386021573888156)"
"('Walc <= 1.00', 0.375463273632077)","('Dalc <= 1.00', 0.22169209938521325)","('Mjob <= 1.00', 0.09350457735869208)","('0.00 < famsup <= 1.00', 0.07336688912795478)","('famrel <= 4.00', 0.07167666109163907)","('freetime <= 3.00', 0.06554689029048366)","('2.00 < Medu <= 4.00', -0.06550056750606259)","('age <= 16.00', -0.06288611798999731)","('activities <= 0.00', 0.05537505340778172)","('romantic <= 0.00', -0.05489431541141543)"
"('2.00 < Walc <= 3.00', -0.15199184770585739)","('studytime > 2.00', 0.10867514700800493)","('1.00 < Dalc <= 2.00', -0.10111382310611784)","('famrel <= 4.00', 0.07723067631386894)","('0.00 < famsup <= 1.00', 0.07519138161422194)","('2.00 < Medu <= 4.00', -0.07247474193886858)","('0.00 < romantic <= 1.00', 0.06348498206241296)","('age <= 16.00', -0.059291704513671516)","('freetime <= 3.00', 0.056772569277132624)","('2.00 < Mjob <= 3.00', -0.05381205599181123)"
"('Walc <= 1.00', 0.3711152926705533)","('Dalc <= 1.00', 0.22122412690013366)","('Mjob <= 1.00', 0.09565037785785313)","('health <= 2.00', 0.08442872559856024)","('age > 18.00', 0.07762242120108122)","('0.00 < famsup <= 1.00', 0.07605349474043514)","('4.00 < famrel <= 5.00', -0.07514251410623315)","('G2 <= 10.00', -0.07377852750349706)","('2.00 < Medu <= 4.00', -0.06730871822717067)","('0.00 < romantic <= 1.00', 0.04801272972830756)"
"('Dalc <= 1.00', 0.22394373802950734)","('Mjob <= 1.00', 0.09715209990082839)","('famrel <= 4.00', 0.07949950434714705)","('G2 <= 10.00', -0.07885145168043885)","('2.00 < Medu <= 4.00', -0.06714342769255116)","('0.00 < famsup <= 1.00', 0.06331694507850705)","('age <= 16.00', -0.06170974278287767)","('freetime <= 3.00', 0.05458922142290693)","('1.00 < studytime <= 2.00', 0.049733806777196105)","('0.00 < romantic <= 1.00', 0.04932061559021052)"
"('Walc <= 1.00', 0.3726078009785274)","('Dalc <= 1.00', 0.22763841139720575)","('studytime > 2.00', 0.11008100399972566)","('Mjob > 3.00', -0.09870018635051402)","('health <= 2.00', 0.07946355763935795)","('famrel <= 4.00', 0.07923131956692674)","('famsup <= 0.00', -0.06615757756344326)","('age <= 16.00', -0.06378266801243122)","('2.00 < Medu <= 4.00', -0.06041667348398289)","('0.00 < activities <= 1.00', -0.059159642297396085)"
"('Dalc <= 1.00', 0.21737612441021822)","('Mjob <= 1.00', 0.08446874284607238)","('famrel <= 4.00', 0.08279147505545431)","('Medu <= 2.00', 0.07232604639079113)","('famsup <= 0.00', -0.07118283878126919)","('romantic <= 0.00', -0.06252203628531043)","('activities <= 0.00', 0.06164329621382537)","('failures <= 0.00', 0.043158019257016574)","('17.00 < age <= 18.00', 0.04221108819348136)","('1.00 < studytime <= 2.00', 0.03478332201856226)"
"('2.00 < Walc <= 3.00', -0.1644646203223056)","('1.00 < Dalc <= 2.00', -0.10467535643728974)","('famsup <= 0.00', -0.08058816943070722)","('Mjob <= 1.00', 0.07820962263877357)","('famrel <= 4.00', 0.07080690995811421)","('age <= 16.00', -0.05994847704833562)","('romantic <= 0.00', -0.05778599834297116)","('Medu <= 2.00', 0.057474054480477245)","('freetime <= 3.00', 0.0563905203250955)","('activities <= 0.00', 0.05495361026907911)"
"('Walc <= 1.00', 0.3777577188578935)","('Dalc <= 1.00', 0.22638532371067246)","('studytime > 2.00', 0.11293701315394013)","('Mjob <= 1.00', 0.07656052369202737)","('4.00 < famrel <= 5.00', -0.07540962892549735)","('G2 > 13.00', 0.07320527496633204)","('famsup <= 0.00', -0.06576859471032233)","('Medu <= 2.00', 0.062306184305122726)","('freetime <= 3.00', 0.060230516829266716)","('romantic <= 0.00', -0.05853944985969126)"
"('Walc > 3.00', -0.3756600632315493)","('Dalc <= 1.00', 0.2283072575027298)","('Mjob > 3.00', -0.09088223127048027)","('4.00 < famrel <= 5.00', -0.07852325216804838)","('4.00 < health <= 5.00', -0.07696052043393231)","('0.00 < famsup <= 1.00', 0.07174545659431289)","('2.00 < Medu <= 4.00', -0.06408803535762776)","('activities <= 0.00', 0.05875588650273263)","('freetime <= 3.00', 0.05841361380527338)","('0.00 < romantic <= 1.00', 0.05585910795218595)"
"('Dalc <= 1.00', 0.21232036516734143)","('2.00 < Walc <= 3.00', -0.1721433517551844)","('studytime > 2.00', 0.11265251795859463)","('famrel <= 4.00', 0.09050772237977318)","('4.00 < health <= 5.00', -0.07723518521215647)","('0.00 < famsup <= 1.00', 0.06555364994508789)","('2.00 < Medu <= 4.00', -0.06028964170818166)","('freetime <= 3.00', 0.053976269434605734)","('0.00 < activities <= 1.00', -0.05325538306751809)","('failures <= 0.00', 0.05199254104900362)"
"('Dalc <= 1.00', 0.22741889207258656)","('studytime <= 1.00', -0.1298027952466991)","('health <= 2.00', 0.09118164348560608)","('famrel <= 4.00', 0.07996391474303244)","('romantic <= 0.00', -0.07317122500545371)","('Medu <= 2.00', 0.06265893894523439)","('freetime <= 3.00', 0.058716576275501677)","('age <= 16.00', -0.0526083118876619)","('0.00 < famsup <= 1.00', 0.05151776401175896)","('0.00 < activities <= 1.00', -0.04932939450636164)"
"('Dalc <= 1.00', 0.22338664597003718)","('studytime > 2.00', 0.12197849938200368)","('4.00 < famrel <= 5.00', -0.07814890548329985)","('4.00 < health <= 5.00', -0.06977816504734355)","('Medu <= 2.00', 0.06803515231308259)","('romantic <= 0.00', -0.06711807665480404)","('2.00 < Mjob <= 3.00', -0.06397346957777084)","('famsup <= 0.00', -0.06271395922462827)","('goout <= 2.00', -0.05057389281270699)","('0.00 < activities <= 1.00', -0.05022122678141534)"
"('Dalc <= 1.00', 0.22747674811936833)","('2.00 < Walc <= 3.00', -0.16459512407996763)","('studytime > 2.00', 0.11006382872235469)","('famrel <= 4.00', 0.08605412471074209)","('0.00 < romantic <= 1.00', 0.06373116714609572)","('0.00 < famsup <= 1.00', 0.06061569595691932)","('age <= 16.00', -0.05531706486240701)","('freetime <= 3.00', 0.05473047375552157)","('2.00 < Medu <= 4.00', -0.05353618376490469)","('failures <= 0.00', 0.05261646694106883)"
"('studytime <= 1.00', -0.13340085719352027)","('1.00 < Dalc <= 2.00', -0.12039863276972466)","('0.00 < famsup <= 1.00', 0.0851783013852602)","('famrel <= 4.00', 0.07133314341355816)","('G2 > 13.00', 0.060136530061791725)","('0.00 < romantic <= 1.00', 0.05959281451888976)","('Medu <= 2.00', 0.054361243262964765)","('0.00 < activities <= 1.00', -0.05117065104054374)","('0.00 < famsize <= 1.00', -0.050378322293384535)","('age <= 16.00', -0.05001141071075776)"
"('Walc <= 1.00', 0.36560045923600176)","('Dalc <= 1.00', 0.22019511444683112)","('studytime <= 1.00', -0.1351172094162823)","('Mjob <= 1.00', 0.0940153748189443)","('4.00 < famrel <= 5.00', -0.07438103598096145)","('G2 <= 10.00', -0.07238026081515422)","('freetime > 4.00', -0.06883323097047173)","('Medu <= 2.00', 0.06705743128372706)","('0.00 < famsup <= 1.00', 0.06669086317055212)","('traveltime > 2.00', -0.048297286898793146)"
"('Walc > 3.00', -0.3613694070868502)","('Dalc > 2.00', -0.2791228002963293)","('Mjob <= 1.00', 0.09388322739483895)","('4.00 < famrel <= 5.00', -0.08150799714914846)","('4.00 < health <= 5.00', -0.0719945650930563)","('age <= 16.00', -0.0687120580581677)","('2.00 < Medu <= 4.00', -0.06834874943738543)","('0.00 < famsup <= 1.00', 0.06766587907201699)","('activities <= 0.00', 0.05501349689816575)","('goout <= 2.00', -0.05486598470239119)"
"('Walc <= 1.00', 0.3706532835842842)","('Dalc <= 1.00', 0.2221010085294235)","('studytime > 2.00', 0.10372641469485577)","('Mjob <= 1.00', 0.08937186764491997)","('4.00 < famrel <= 5.00', -0.0851905771654154)","('G2 > 13.00', 0.07459955412012398)","('0.00 < famsup <= 1.00', 0.06746322182176741)","('Medu <= 2.00', 0.06385290610795949)","('romantic <= 0.00', -0.05970734099630492)","('freetime <= 3.00', 0.05149913905028511)"
"('Walc > 3.00', -0.3628405284414308)","('studytime <= 1.00', -0.13293013869446654)","('1.00 < Dalc <= 2.00', -0.11572498035040216)","('famsup <= 0.00', -0.0798826836888689)","('famrel <= 4.00', 0.07289219433595658)","('G2 <= 10.00', -0.06998911197147338)","('4.00 < health <= 5.00', -0.06912982345220282)","('age <= 16.00', -0.06632357747358451)","('Medu <= 2.00', 0.0582940255632743)","('romantic <= 0.00', -0.05780245753852142)"
"('Walc <= 1.00', 0.3710027169431166)","('Dalc <= 1.00', 0.22350736366404172)","('studytime > 2.00', 0.10935802850066108)","('famrel <= 4.00', 0.08412835892104721)","('4.00 < health <= 5.00', -0.07744600333659907)","('age <= 16.00', -0.0638024985875304)","('Medu <= 2.00', 0.06308762880037468)","('famsup <= 0.00', -0.06258105851357713)","('romantic <= 0.00', -0.052159668030782064)","('failures <= 0.00', 0.04786664230015163)"
"('1.00 < Dalc <= 2.00', -0.13582430461270661)","('4.00 < health <= 5.00', -0.08133850090911646)","('Medu <= 2.00', 0.06996467148638992)","('famsup <= 0.00', -0.06968731617466144)","('age <= 16.00', -0.06799890729982516)","('famrel <= 4.00', 0.06401262569589715)","('0.00 < famsize <= 1.00', -0.0498539873879418)","('romantic <= 0.00', -0.04891566794583119)","('0.00 < activities <= 1.00', -0.04851501211731018)","('freetime <= 3.00', 0.04580210521669723)"
"('Walc <= 1.00', 0.3717253363650873)","('Dalc <= 1.00', 0.21870821254089048)","('studytime <= 1.00', -0.12322372952721479)","('famrel <= 4.00', 0.08409477590970744)","('health <= 2.00', 0.0793601275529627)","('G2 <= 10.00', -0.07250737038083559)","('0.00 < famsup <= 1.00', 0.06900759222557253)","('Medu <= 2.00', 0.06370244272501195)","('activities <= 0.00', 0.05264655506870317)","('freetime <= 3.00', 0.05169746060267766)"
"('Walc <= 1.00', 0.37989313579147854)","('Dalc <= 1.00', 0.22909396100203694)","('studytime <= 1.00', -0.13397667068815497)","('famrel <= 4.00', 0.07969876459032062)","('G2 <= 10.00', -0.0711413238751331)","('0.00 < famsup <= 1.00', 0.06950927133818617)","('Medu <= 2.00', 0.06703799535381005)","('freetime > 4.00', -0.06234133440901311)","('goout <= 2.00', -0.06224879363194093)","('0.00 < activities <= 1.00', -0.056511318448879716)"
"('Walc <= 1.00', 0.37566912883157494)","('Dalc <= 1.00', 0.22603773974604127)","('Mjob <= 1.00', 0.08405369471345836)","('4.00 < famrel <= 5.00', -0.07738864175307025)","('4.00 < health <= 5.00', -0.07575938862264299)","('0.00 < famsup <= 1.00', 0.06585895014931765)","('age <= 16.00', -0.06563063561124786)","('2.00 < Medu <= 4.00', -0.06379369865195766)","('freetime <= 3.00', 0.059148934492492033)","('romantic <= 0.00', -0.05378089062603326)"
"('Walc <= 1.00', 0.36808094987950196)","('Dalc <= 1.00', 0.22477753847397838)","('studytime > 2.00', 0.1109127690088436)","('famrel <= 4.00', 0.08405361370799212)","('G2 > 13.00', 0.07735929357478633)","('age <= 16.00', -0.06648477957576662)","('2.00 < Medu <= 4.00', -0.06502262027551427)","('0.00 < famsup <= 1.00', 0.06297369244529638)","('0.00 < romantic <= 1.00', 0.05337191342189148)","('0.00 < activities <= 1.00', -0.05097673615145656)"
"('1.00 < Dalc <= 2.00', -0.14191131263475223)","('health <= 2.00', 0.08355627413974526)","('famrel <= 4.00', 0.07853941830520367)","('romantic <= 0.00', -0.06247971228035279)","('famsup <= 0.00', -0.06057054995573271)","('Medu <= 2.00', 0.05973868339321866)","('freetime <= 3.00', 0.05424974867805339)","('0.00 < activities <= 1.00', -0.05323875496137613)","('1.00 < studytime <= 2.00', 0.05079475724514925)","('0.00 < famsize <= 1.00', -0.046826301385340094)"
"('Dalc <= 1.00', 0.23009854219953718)","('studytime <= 1.00', -0.14082043673408898)","('4.00 < famrel <= 5.00', -0.09168663483440503)","('Mjob <= 1.00', 0.09086982348332966)","('2.00 < Medu <= 4.00', -0.07355790296441825)","('famsup <= 0.00', -0.07261401199949458)","('4.00 < health <= 5.00', -0.06751670858630462)","('romantic <= 0.00', -0.06409485587484993)","('freetime <= 3.00', 0.06295120795538676)","('G2 > 13.00', 0.05663135477146866)"
"('Dalc <= 1.00', 0.22051309932927213)","('2.00 < Walc <= 3.00', -0.15550427546445345)","('health <= 2.00', 0.08944786686137284)","('0.00 < famsup <= 1.00', 0.0765757876479168)","('famrel <= 4.00', 0.07441519947598578)","('G2 > 13.00', 0.06912555803304266)","('2.00 < Medu <= 4.00', -0.06483396535438182)","('2.00 < Mjob <= 3.00', -0.054385571951918614)","('goout <= 2.00', -0.0533949038687933)","('0.00 < romantic <= 1.00', 0.05122634257747398)"
"('Walc <= 1.00', 0.36771323240827947)","('Dalc <= 1.00', 0.23051811245353415)","('studytime > 2.00', 0.11643943270605817)","('Mjob <= 1.00', 0.09061097893867927)","('famrel <= 4.00', 0.07978353813946602)","('4.00 < health <= 5.00', -0.07791571808729718)","('age > 18.00', 0.06952497242607547)","('G2 <= 10.00', -0.06915772352387352)","('Medu <= 2.00', 0.06612752842207005)","('famsup <= 0.00', -0.06281919819840777)"
"('Walc <= 1.00', 0.3814563263665325)","('Dalc <= 1.00', 0.23044297176132944)","('4.00 < famrel <= 5.00', -0.08235762116600219)","('4.00 < health <= 5.00', -0.07636390797866863)","('G2 <= 10.00', -0.07484053175610403)","('0.00 < famsup <= 1.00', 0.06933575618045873)","('0.00 < romantic <= 1.00', 0.05824339651220112)","('2.00 < Medu <= 4.00', -0.058163795473097746)","('0.00 < activities <= 1.00', -0.05803849234637298)","('1.00 < studytime <= 2.00', 0.05071803707406219)"
"('Walc > 3.00', -0.37651256003615613)","('studytime <= 1.00', -0.13355818667174307)","('1.00 < Dalc <= 2.00', -0.11036163054284417)","('G2 <= 10.00', -0.07591693077902445)","('famrel <= 4.00', 0.0731130835990902)","('Medu <= 2.00', 0.06744358207120218)","('famsup <= 0.00', -0.061407277467814776)","('0.00 < romantic <= 1.00', 0.057968731222220404)","('freetime <= 3.00', 0.056722334703728644)","('goout > 4.00', 0.055141793780604895)"
"('Walc > 3.00', -0.36799277873640784)","('Dalc > 2.00', -0.2684718731250238)","('studytime <= 1.00', -0.13331601852441005)","('G2 <= 10.00', -0.08225175531615625)","('4.00 < health <= 5.00', -0.07592944913385319)","('famsup <= 0.00', -0.07479001673657375)","('famrel <= 4.00', 0.07438684798103788)","('Medu <= 2.00', 0.06206038637354227)","('romantic <= 0.00', -0.05758064869490916)","('0.00 < activities <= 1.00', -0.05135189915438156)"
"('Dalc <= 1.00', 0.22882613382625785)","('health <= 2.00', 0.09389725783256497)","('4.00 < famrel <= 5.00', -0.08834365874904358)","('Mjob > 3.00', -0.0847909323069049)","('G2 > 13.00', 0.07904277078852213)","('0.00 < famsup <= 1.00', 0.06848292101982141)","('age <= 16.00', -0.055322385906793274)","('0.00 < activities <= 1.00', -0.05393557004166257)","('2.00 < Medu <= 4.00', -0.053569926671511316)","('romantic <= 0.00', -0.052702777827011375)"
"('1.00 < Dalc <= 2.00', -0.11356544100805863)","('health <= 2.00', 0.0990597349547183)","('famrel <= 4.00', 0.0811921666346999)","('G2 > 13.00', 0.07860702668892408)","('2.00 < Mjob <= 3.00', -0.06558511824924833)","('Medu <= 2.00', 0.06066291347892566)","('0.00 < famsup <= 1.00', 0.05758098263318952)","('0.00 < activities <= 1.00', -0.05750098422026993)","('0.00 < romantic <= 1.00', 0.05208804174236438)","('freetime <= 3.00', 0.04808786252165171)"
"('Walc <= 1.00', 0.37454389483616435)","('Dalc <= 1.00', 0.23088428129668553)","('famrel <= 4.00', 0.08065424040356522)","('0.00 < famsup <= 1.00', 0.06881771857167683)","('age <= 16.00', -0.06426196666129538)","('2.00 < Medu <= 4.00', -0.06019634444224751)","('0.00 < activities <= 1.00', -0.0582131689528451)","('2.00 < Mjob <= 3.00', -0.052670886244384374)","('3.00 < freetime <= 4.00', -0.049855795729477605)","('romantic <= 0.00', -0.04662762946280691)"
"('Dalc <= 1.00', 0.21886711200648948)","('studytime <= 1.00', -0.13258909652745948)","('G2 > 13.00', 0.08499014747592629)","('famrel <= 4.00', 0.08276700791134442)","('0.00 < famsup <= 1.00', 0.07595515847391382)","('4.00 < health <= 5.00', -0.07482463944250833)","('Medu <= 2.00', 0.07250333029316221)","('goout > 4.00', 0.06188859406322077)","('0.00 < activities <= 1.00', -0.05651917004949471)","('failures <= 0.00', 0.05564377555724952)"
"('Walc <= 1.00', 0.3724542931313291)","('Dalc <= 1.00', 0.22121675727731993)","('studytime > 2.00', 0.10379612634132376)","('4.00 < health <= 5.00', -0.07788172175936739)","('0.00 < famsup <= 1.00', 0.06673901632382902)","('4.00 < famrel <= 5.00', -0.06557330555586403)","('romantic <= 0.00', -0.06524414605961473)","('age <= 16.00', -0.06041921911272698)","('0.00 < activities <= 1.00', -0.054163450931323444)","('Medu <= 2.00', 0.05355468552919981)"
"('Walc <= 1.00', 0.37589659867227554)","('Dalc <= 1.00', 0.2205601805562616)","('studytime <= 1.00', -0.127816500115095)","('Mjob <= 1.00', 0.09369301600348656)","('health <= 2.00', 0.08107391606041317)","('famrel <= 4.00', 0.08008573134011822)","('age <= 16.00', -0.06824756291620687)","('0.00 < famsup <= 1.00', 0.06642809643034885)","('Medu <= 2.00', 0.06450994773767446)","('romantic <= 0.00', -0.05685922379035915)"
"('Walc <= 1.00', 0.37142178189124364)","('Dalc <= 1.00', 0.22096796826552717)","('health <= 2.00', 0.08164627725889538)","('famrel <= 4.00', 0.0799530411180428)","('famsup <= 0.00', -0.07055776799131735)","('age <= 16.00', -0.0618380314767423)","('Medu <= 2.00', 0.06119857255926287)","('freetime <= 3.00', 0.059870893370994674)","('2.00 < Mjob <= 3.00', -0.05383452544443825)","('1.00 < studytime <= 2.00', 0.05001367139945243)"
"('Walc <= 1.00', 0.3680153092162092)","('Dalc <= 1.00', 0.22228232215539995)","('studytime > 2.00', 0.11706465426869418)","('famrel <= 4.00', 0.0804300845235523)","('health <= 2.00', 0.07917811457539121)","('G2 > 13.00', 0.0698851008729814)","('Medu <= 2.00', 0.06794652158275243)","('0.00 < famsup <= 1.00', 0.06348941804886862)","('freetime <= 3.00', 0.062111344533244815)","('0.00 < romantic <= 1.00', 0.059352010344350226)"
"('Walc <= 1.00', 0.3688788550260826)","('Dalc <= 1.00', 0.22887280605245758)","('famrel <= 4.00', 0.0744639859355632)","('famsup <= 0.00', -0.06787632213110982)","('Medu <= 2.00', 0.06567791097946891)","('age <= 16.00', -0.06339059319226466)","('romantic <= 0.00', -0.05617396168635838)","('activities <= 0.00', 0.053191629951158774)","('failures <= 0.00', 0.049490954867264444)","('1.00 < studytime <= 2.00', 0.047612164786272344)"
"('Dalc <= 1.00', 0.21815365453349084)","('studytime <= 1.00', -0.12808427756720328)","('famrel <= 4.00', 0.07886187070522273)","('famsup <= 0.00', -0.07516734805526952)","('Medu <= 2.00', 0.06898333767332283)","('0.00 < romantic <= 1.00', 0.05494602074041605)","('goout <= 2.00', -0.05349259774661445)","('freetime <= 3.00', 0.05276366055589543)","('activities <= 0.00', 0.04683126070397714)","('0.00 < famsize <= 1.00', -0.04489794609096621)"
"('Walc > 3.00', -0.36710985177243877)","('Dalc > 2.00', -0.27579196937335587)","('studytime <= 1.00', -0.14420429599537316)","('Mjob <= 1.00', 0.08454385603505235)","('age > 18.00', 0.08409192328684696)","('famrel <= 4.00', 0.08389881190348128)","('famsup <= 0.00', -0.0733358307927616)","('4.00 < health <= 5.00', -0.07322932610840005)","('Medu <= 2.00', 0.06684868614909838)","('activities <= 0.00', 0.05427753393641493)"
"('Dalc <= 1.00', 0.2218041657375243)","('4.00 < famrel <= 5.00', -0.09115808193594692)","('health <= 2.00', 0.08448893188686749)","('famsup <= 0.00', -0.07327431031716104)","('Medu <= 2.00', 0.0687435497664277)","('0.00 < romantic <= 1.00', 0.05379123364926884)","('failures <= 0.00', 0.05354157961800381)","('freetime <= 3.00', 0.051104672526396784)","('2.00 < Mjob <= 3.00', -0.045907028561127834)","('1.00 < studytime <= 2.00', 0.044298012677821644)"
"('Dalc <= 1.00', 0.22795767851858464)","('2.00 < Walc <= 3.00', -0.1588686433301933)","('famrel <= 4.00', 0.08454205211023884)","('G2 > 13.00', 0.07665739611022261)","('0.00 < famsup <= 1.00', 0.06484549435507411)","('romantic <= 0.00', -0.05791599663261538)","('Medu <= 2.00', 0.05698824817771806)","('freetime <= 3.00', 0.056858953846563275)","('activities <= 0.00', 0.05420747742194536)","('school <= 0.00', -0.05311919039827411)"
"('Walc > 3.00', -0.3674927369100504)","('studytime <= 1.00', -0.12513920810302967)","('1.00 < Dalc <= 2.00', -0.11060805096211085)","('4.00 < famrel <= 5.00', -0.0823374530793256)","('Medu <= 2.00', 0.07748987748151867)","('0.00 < famsup <= 1.00', 0.06877600200616636)","('G2 <= 10.00', -0.06634676445586235)","('age <= 16.00', -0.061906942408786914)","('2.00 < Mjob <= 3.00', -0.06099824894426225)","('0.00 < romantic <= 1.00', 0.05336675975981488)"
"('Dalc > 2.00', -0.28874828805795094)","('2.00 < Walc <= 3.00', -0.17090008887277108)","('age > 18.00', 0.09505979313093407)","('famrel <= 4.00', 0.0787106402158664)","('4.00 < health <= 5.00', -0.07307635555824596)","('0.00 < famsup <= 1.00', 0.0698732291741015)","('freetime <= 3.00', 0.06410250154786762)","('2.00 < Medu <= 4.00', -0.06236321681444055)","('romantic <= 0.00', -0.05871235961772726)","('0.00 < activities <= 1.00', -0.055582335392237045)"
"('1.00 < Dalc <= 2.00', -0.11969527052911771)","('studytime <= 1.00', -0.11500174009009247)","('Mjob > 3.00', -0.08957179929415088)","('famrel <= 4.00', 0.08294106241239504)","('G2 > 13.00', 0.08176636693357131)","('health <= 2.00', 0.06868962313591127)","('0.00 < famsup <= 1.00', 0.06602400138713559)","('2.00 < Medu <= 4.00', -0.06559831799777925)","('0.00 < romantic <= 1.00', 0.05378437041022656)","('activities <= 0.00', 0.05018520054411962)"
"('Dalc <= 1.00', 0.223949518734382)","('health <= 2.00', 0.08662796741876584)","('Mjob <= 1.00', 0.08380726071579772)","('age <= 16.00', -0.07128624171690146)","('famrel <= 4.00', 0.0711263336793957)","('0.00 < famsup <= 1.00', 0.06541252546433964)","('activities <= 0.00', 0.05866240810412446)","('0.00 < famsize <= 1.00', -0.05860106955831756)","('romantic <= 0.00', -0.057562292482228994)","('freetime <= 3.00', 0.05291341156138716)"
"('Dalc <= 1.00', 0.2302326887251125)","('studytime <= 1.00', -0.13276982520241468)","('Mjob > 3.00', -0.10206849021184715)","('4.00 < health <= 5.00', -0.07545414438773018)","('famrel <= 4.00', 0.07469478309787363)","('2.00 < Medu <= 4.00', -0.06437055206884897)","('G2 <= 10.00', -0.06239457682769724)","('0.00 < activities <= 1.00', -0.05944241627475074)","('goout <= 2.00', -0.059101200025470334)","('0.00 < famsup <= 1.00', 0.057213411367962805)"
"('Dalc <= 1.00', 0.22962338089131332)","('2.00 < Walc <= 3.00', -0.15811132364888034)","('studytime > 2.00', 0.11709706109738793)","('famrel <= 4.00', 0.07860235367311476)","('G2 > 13.00', 0.07794103647193064)","('4.00 < health <= 5.00', -0.07455912316379681)","('famsup <= 0.00', -0.07349610197173642)","('Mjob <= 1.00', 0.0669151399812261)","('Medu <= 2.00', 0.06214123443998094)","('0.00 < activities <= 1.00', -0.06172824921643709)"
"('Walc > 3.00', -0.3583975248609086)","('Dalc <= 1.00', 0.22535096941399368)","('studytime > 2.00', 0.10772076864765236)","('4.00 < famrel <= 5.00', -0.07629108676127153)","('famsup <= 0.00', -0.06492045189082685)","('goout > 4.00', 0.06205492728935174)","('2.00 < Mjob <= 3.00', -0.060710288472956675)","('Medu <= 2.00', 0.05768339812797053)","('0.00 < romantic <= 1.00', 0.053951943652052206)","('3.00 < freetime <= 4.00', -0.04768886355614471)"
"('Walc <= 1.00', 0.3751177357096165)","('Dalc <= 1.00', 0.22390664989239586)","('studytime > 2.00', 0.10693811708791982)","('Mjob <= 1.00', 0.08303386926318694)","('G2 > 13.00', 0.07931136560248217)","('4.00 < famrel <= 5.00', -0.07738979942157997)","('0.00 < famsup <= 1.00', 0.06414242261650688)","('0.00 < romantic <= 1.00', 0.05964667932445522)","('age <= 16.00', -0.05890362337563906)","('2.00 < Medu <= 4.00', -0.058695495922598095)"
"('Walc <= 1.00', 0.3660639366478403)","('Dalc <= 1.00', 0.22874052558860586)","('studytime <= 1.00', -0.1334448410409984)","('health <= 2.00', 0.0858724601126195)","('4.00 < famrel <= 5.00', -0.08027070519426384)","('G2 <= 10.00', -0.07293784520657057)","('age <= 16.00', -0.06943723531498838)","('freetime > 4.00', -0.06669479947504052)","('famsup <= 0.00', -0.06326252542026678)","('Medu <= 2.00', 0.06279230465893972)"
"('Walc > 3.00', -0.36304266346315595)","('studytime <= 1.00', -0.1241443029404282)","('1.00 < Dalc <= 2.00', -0.11989889280570881)","('Mjob > 3.00', -0.10677539326467515)","('4.00 < famrel <= 5.00', -0.0847781530016952)","('4.00 < health <= 5.00', -0.0739667868792554)","('0.00 < famsup <= 1.00', 0.07378238378825137)","('2.00 < Medu <= 4.00', -0.06731075623672256)","('age <= 16.00', -0.06331633357573965)","('0.00 < romantic <= 1.00', 0.06067144971210822)"
"('Dalc <= 1.00', 0.2280907032950513)","('studytime > 2.00', 0.10924347721994328)","('Mjob <= 1.00', 0.08594738249927687)","('4.00 < famrel <= 5.00', -0.08337241598344845)","('G2 > 13.00', 0.08060247100257438)","('4.00 < health <= 5.00', -0.06966116185317398)","('0.00 < famsup <= 1.00', 0.06926282601889706)","('2.00 < Medu <= 4.00', -0.06258804531094403)","('freetime <= 3.00', 0.04630450186920422)","('goout <= 2.00', -0.04619359388778071)"
"('Walc > 3.00', -0.37376203935245683)","('Dalc > 2.00', -0.27654440042997236)","('studytime <= 1.00', -0.12986564590282793)","('4.00 < famrel <= 5.00', -0.07397177984476691)","('G2 <= 10.00', -0.06996743507663236)","('Medu <= 2.00', 0.06989426771584442)","('famsup <= 0.00', -0.06752121674757806)","('0.00 < romantic <= 1.00', 0.05558849651941445)","('failures <= 0.00', 0.05454080664639472)","('0.00 < activities <= 1.00', -0.0539898129431908)"
"('Walc <= 1.00', 0.3682695057768815)","('Dalc <= 1.00', 0.23176477956865227)","('health <= 2.00', 0.08665721931618244)","('famrel <= 4.00', 0.08182393495034072)","('G2 > 13.00', 0.06858648395998165)","('2.00 < Medu <= 4.00', -0.06671162947360405)","('0.00 < famsup <= 1.00', 0.061860299338738774)","('age <= 16.00', -0.0589139975861167)","('romantic <= 0.00', -0.0586792863177462)","('freetime <= 3.00', 0.055237151964232935)"
"('Walc <= 1.00', 0.3729741542503508)","('Dalc <= 1.00', 0.2201189214465673)","('Mjob > 3.00', -0.09129412065136534)","('health <= 2.00', 0.08124043522353852)","('famrel <= 4.00', 0.07987533651923756)","('0.00 < famsup <= 1.00', 0.06905380999325347)","('G2 > 13.00', 0.06880016347046014)","('2.00 < Medu <= 4.00', -0.06114754741793726)","('romantic <= 0.00', -0.06036607029833283)","('17.00 < age <= 18.00', 0.056484081162934206)"
"('Walc <= 1.00', 0.3702802606673242)","('Dalc <= 1.00', 0.22669085491634358)","('studytime <= 1.00', -0.1296805730785883)","('Mjob <= 1.00', 0.09211908468014349)","('4.00 < famrel <= 5.00', -0.08463694759779576)","('G2 <= 10.00', -0.07332456650559034)","('famsup <= 0.00', -0.06813777947541957)","('freetime > 4.00', -0.062206875850660565)","('Medu <= 2.00', 0.059308919925010604)","('failures <= 0.00', 0.05251998099583832)"
"('2.00 < Walc <= 3.00', -0.15922559082656823)","('1.00 < Dalc <= 2.00', -0.12221636653139997)","('Mjob > 3.00', -0.09695091556441499)","('famrel <= 4.00', 0.07012167098533832)","('2.00 < Medu <= 4.00', -0.06855299703023805)","('activities <= 0.00', 0.05360395938435518)","('romantic <= 0.00', -0.0535824915555238)","('1.00 < studytime <= 2.00', 0.05314905336567817)","('0.00 < famsup <= 1.00', 0.05139800200421461)","('schoolsup <= 0.00', -0.043863421669980335)"
"('Walc <= 1.00', 0.3717247055756639)","('Dalc <= 1.00', 0.2274885484874512)","('studytime <= 1.00', -0.13409750852004113)","('famrel <= 4.00', 0.08410206674993265)","('4.00 < health <= 5.00', -0.07560340190907183)","('age <= 16.00', -0.07205605015279304)","('G2 <= 10.00', -0.07050362814850408)","('freetime <= 3.00', 0.06177152633642904)","('0.00 < famsup <= 1.00', 0.061742965450044554)","('0.00 < romantic <= 1.00', 0.059324323170326744)"
"('Walc > 3.00', -0.3704050904380337)","('studytime <= 1.00', -0.13278258120420294)","('1.00 < Dalc <= 2.00', -0.12269099997684621)","('Mjob > 3.00', -0.08327186792203853)","('0.00 < famsup <= 1.00', 0.08289381189894436)","('4.00 < health <= 5.00', -0.07664961889377704)","('famrel <= 4.00', 0.07325994351702611)","('2.00 < Medu <= 4.00', -0.06592377339923956)","('age <= 16.00', -0.06108535926927895)","('activities <= 0.00', 0.058422358475208096)"
"('Walc > 3.00', -0.3694269707803845)","('Dalc > 2.00', -0.2832763783690438)","('studytime > 2.00', 0.10829174579841641)","('famrel <= 4.00', 0.08714415366439471)","('health <= 2.00', 0.08154420830009547)","('G2 <= 10.00', -0.07659715746868132)","('0.00 < famsup <= 1.00', 0.0699402097603824)","('age <= 16.00', -0.06859424748223542)","('0.00 < romantic <= 1.00', 0.05808446363978193)","('2.00 < Medu <= 4.00', -0.05097837536648954)"
"('Walc <= 1.00', 0.36365262384490626)","('Dalc <= 1.00', 0.22595010158983278)","('studytime > 2.00', 0.1128118427713901)","('famrel <= 4.00', 0.0873765797822337)","('4.00 < health <= 5.00', -0.07430612322843992)","('Medu <= 2.00', 0.07285276836314532)","('0.00 < famsup <= 1.00', 0.07235925473521006)","('romantic <= 0.00', -0.05722528554395886)","('age <= 16.00', -0.05599237589560249)","('freetime <= 3.00', 0.05463418507680882)"
"('Walc > 3.00', -0.3732504292806818)","('Dalc <= 1.00', 0.24003000010958953)","('4.00 < famrel <= 5.00', -0.07880525880622052)","('0.00 < famsup <= 1.00', 0.0740530498696125)","('4.00 < health <= 5.00', -0.07317880157770143)","('Medu <= 2.00', 0.06797274357897984)","('0.00 < activities <= 1.00', -0.06202735398682158)","('1.00 < studytime <= 2.00', 0.05900995725549967)","('freetime <= 3.00', 0.05460105743554622)","('romantic <= 0.00', -0.05329426184922359)"
"('Dalc <= 1.00', 0.19731785009966335)","('studytime <= 1.00', -0.1214933207989399)","('Mjob <= 1.00', 0.09671333886499442)","('famrel <= 4.00', 0.08167530141912725)","('0.00 < famsup <= 1.00', 0.08073790483435792)","('age <= 16.00', -0.07520156029617964)","('Medu <= 2.00', 0.07095415757764519)","('0.00 < romantic <= 1.00', 0.06280843285648491)","('freetime <= 3.00', 0.05198600281631248)","('famsize <= 0.00', 0.044949350827264485)"
"('Walc <= 1.00', 0.3661494830961194)","('Dalc <= 1.00', 0.22972365746563037)","('famrel <= 4.00', 0.08233748284798131)","('4.00 < health <= 5.00', -0.0769892659484086)","('G2 <= 10.00', -0.06760012738611337)","('famsup <= 0.00', -0.06620868187636163)","('2.00 < Medu <= 4.00', -0.06389941087322541)","('0.00 < romantic <= 1.00', 0.057950646474096236)","('freetime <= 3.00', 0.05467297190919275)","('activities <= 0.00', 0.05151875510291633)"
"('studytime <= 1.00', -0.1285415680435089)","('1.00 < Dalc <= 2.00', -0.12022649028234028)","('Mjob <= 1.00', 0.08957825170470998)","('health <= 2.00', 0.08536032713533663)","('famrel <= 4.00', 0.0761501551113577)","('activities <= 0.00', 0.06377757917261954)","('freetime <= 3.00', 0.06332494711758357)","('famsup <= 0.00', -0.05877888653942779)","('2.00 < Medu <= 4.00', -0.058045468255154276)","('0.00 < romantic <= 1.00', 0.05545140221384744)"
"('Walc <= 1.00', 0.37505400975707254)","('Dalc <= 1.00', 0.23026087903326037)","('famrel <= 4.00', 0.08146604444578362)","('4.00 < health <= 5.00', -0.07199428693479404)","('2.00 < Medu <= 4.00', -0.07001939635963)","('0.00 < famsup <= 1.00', 0.06611521507877018)","('2.00 < Mjob <= 3.00', -0.0550320758758815)","('activities <= 0.00', 0.05279064592926758)","('romantic <= 0.00', -0.051600005247041045)","('age <= 16.00', -0.051266542946178974)"
"('Walc <= 1.00', 0.3711964761893134)","('Dalc <= 1.00', 0.22768025871257852)","('studytime <= 1.00', -0.1351307374964518)","('famrel <= 4.00', 0.07942958397084128)","('4.00 < health <= 5.00', -0.07480373988006721)","('0.00 < famsup <= 1.00', 0.06990441508240644)","('freetime > 4.00', -0.06699538313892821)","('G2 <= 10.00', -0.06690451628410436)","('Medu <= 2.00', 0.06074444812859328)","('romantic <= 0.00', -0.057964641438850655)"
"('Walc <= 1.00', 0.3743127665185167)","('Dalc <= 1.00', 0.22717937790064396)","('studytime <= 1.00', -0.13578769910614447)","('famrel <= 4.00', 0.07971887011242625)","('2.00 < Medu <= 4.00', -0.07049829677570897)","('0.00 < famsup <= 1.00', 0.06997097178037263)","('0.00 < romantic <= 1.00', 0.057198537070438454)","('activities <= 0.00', 0.05482121713171025)","('freetime <= 3.00', 0.0531135093844748)","('goout <= 2.00', -0.050398118904098586)"
"('Dalc <= 1.00', 0.222686486363072)","('2.00 < Walc <= 3.00', -0.17643606300236528)","('studytime > 2.00', 0.10320521069366817)","('4.00 < famrel <= 5.00', -0.0887929537775787)","('famsup <= 0.00', -0.07522357824752139)","('Medu <= 2.00', 0.06718189724680543)","('age <= 16.00', -0.06646083737965493)","('freetime <= 3.00', 0.057921093876561906)","('0.00 < romantic <= 1.00', 0.05114080008863536)","('famsize <= 0.00', 0.04605498921851723)"
"('Walc <= 1.00', 0.36992590062759945)","('Dalc <= 1.00', 0.22426100725479658)","('Mjob > 3.00', -0.09557119047911113)","('health <= 2.00', 0.08769733237590721)","('4.00 < famrel <= 5.00', -0.07601663355057364)","('G2 <= 10.00', -0.07307403664046556)","('famsup <= 0.00', -0.06524197767915133)","('2.00 < Medu <= 4.00', -0.0623219074324362)","('romantic <= 0.00', -0.05970937305472207)","('activities <= 0.00', 0.05840651934566093)"
"('Walc <= 1.00', 0.3792133117530554)","('Dalc <= 1.00', 0.22957606276179274)","('studytime > 2.00', 0.10413130621464109)","('famrel <= 4.00', 0.08412233850093069)","('4.00 < health <= 5.00', -0.08117182578636502)","('age <= 16.00', -0.0703789267772041)","('2.00 < Medu <= 4.00', -0.065235991861863)","('0.00 < famsup <= 1.00', 0.06030289874583847)","('freetime <= 3.00', 0.057999971323860616)","('romantic <= 0.00', -0.05515544249864303)"
"('Dalc <= 1.00', 0.2247786248120805)","('2.00 < Walc <= 3.00', -0.1616089180411805)","('4.00 < health <= 5.00', -0.07295973106695887)","('romantic <= 0.00', -0.06606066860468264)","('0.00 < famsup <= 1.00', 0.06160740955164075)","('0.00 < activities <= 1.00', -0.05608793880881876)","('schoolsup <= 0.00', -0.05551409844300378)","('freetime > 4.00', -0.055371746730575926)","('age <= 16.00', -0.05440430191501101)","('4.00 < famrel <= 5.00', -0.05210753124631953)"
"('Dalc <= 1.00', 0.2401914864610334)","('2.00 < Walc <= 3.00', -0.16454068097705257)","('famrel <= 4.00', 0.0842045528035067)","('health <= 2.00', 0.07794551935843114)","('1.00 < studytime <= 2.00', 0.06252042469228157)","('Medu <= 2.00', 0.060449398609830056)","('G2 <= 10.00', -0.05807139054754698)","('0.00 < famsup <= 1.00', 0.057074039935116457)","('romantic <= 0.00', -0.05391080699169814)","('17.00 < age <= 18.00', 0.0520970269987356)"
"('Dalc <= 1.00', 0.21305072919625942)","('famrel <= 4.00', 0.08575968591708072)","('4.00 < health <= 5.00', -0.07404985185921682)","('G2 <= 10.00', -0.07317130228799383)","('age > 18.00', 0.07061432729628828)","('2.00 < Medu <= 4.00', -0.06673261823131195)","('famsup <= 0.00', -0.061205437552270626)","('0.00 < activities <= 1.00', -0.055891754842773825)","('0.00 < romantic <= 1.00', 0.054521839048257734)","('1.00 < studytime <= 2.00', 0.053722881926111674)"
"('Dalc <= 1.00', 0.2225054516429155)","('studytime <= 1.00', -0.12424505461233068)","('famrel <= 4.00', 0.0837643392190571)","('G2 <= 10.00', -0.08185038227860547)","('4.00 < health <= 5.00', -0.08094342460498703)","('Medu <= 2.00', 0.06808216361248531)","('0.00 < famsup <= 1.00', 0.06298585768946888)","('freetime <= 3.00', 0.06178234857630844)","('activities <= 0.00', 0.05361640430206352)","('goout <= 2.00', -0.05088943676486728)"
"('2.00 < Walc <= 3.00', -0.16452516090752534)","('1.00 < Dalc <= 2.00', -0.1307253074985808)","('famrel <= 4.00', 0.09467989542958577)","('G2 > 13.00', 0.09158596556365206)","('Mjob <= 1.00', 0.07428549717631217)","('0.00 < famsup <= 1.00', 0.06452599452296823)","('2.00 < Medu <= 4.00', -0.061411605786777325)","('age <= 16.00', -0.06082459249281635)","('romantic <= 0.00', -0.05790163335751016)","('0.00 < activities <= 1.00', -0.052282876967681684)"
"('2.00 < Walc <= 3.00', -0.1610249404260851)","('studytime <= 1.00', -0.13749033651288248)","('1.00 < Dalc <= 2.00', -0.11061913031858692)","('famrel <= 4.00', 0.07779086002346858)","('romantic <= 0.00', -0.0716927684720351)","('health <= 2.00', 0.07013599144396197)","('G2 > 13.00', 0.06529294147984875)","('0.00 < famsup <= 1.00', 0.06512242252094946)","('2.00 < Medu <= 4.00', -0.06506197842307042)","('freetime <= 3.00', 0.05949272177025553)"
"('2.00 < Walc <= 3.00', -0.158734587449198)","('1.00 < Dalc <= 2.00', -0.1136160201428035)","('freetime > 4.00', -0.08859125824461168)","('Mjob <= 1.00', 0.08259435868799837)","('G2 <= 10.00', -0.08061175886135714)","('famrel <= 4.00', 0.07726339537143279)","('0.00 < famsup <= 1.00', 0.06883982994927293)","('2.00 < Medu <= 4.00', -0.06715390909652633)","('activities <= 0.00', 0.06590145477391922)","('romantic <= 0.00', -0.05824274198283347)"
"('Walc <= 1.00', 0.36536862584752566)","('Dalc <= 1.00', 0.22403808800597494)","('studytime > 2.00', 0.11918852619794527)","('famrel <= 4.00', 0.07951350909865894)","('0.00 < famsup <= 1.00', 0.06811383472344697)","('Medu <= 2.00', 0.06707701564876384)","('romantic <= 0.00', -0.06300152398003338)","('freetime <= 3.00', 0.06175898688478768)","('2.00 < Mjob <= 3.00', -0.05208187044976313)","('activities <= 0.00', 0.05080624866511236)"
"('Walc <= 1.00', 0.37364377578648006)","('Dalc <= 1.00', 0.23327145165000102)","('Mjob > 3.00', -0.08923734588055855)","('G2 <= 10.00', -0.07522317760542824)","('4.00 < famrel <= 5.00', -0.07510986390656378)","('4.00 < health <= 5.00', -0.07185197281541209)","('famsup <= 0.00', -0.06649719788379285)","('2.00 < Medu <= 4.00', -0.06474762883656233)","('freetime <= 3.00', 0.06189634733326498)","('0.00 < romantic <= 1.00', 0.054153909736823255)"
"('Walc > 3.00', -0.36805814030233003)","('Dalc <= 1.00', 0.2243135984145884)","('famrel <= 4.00', 0.0936709557121278)","('Mjob <= 1.00', 0.08454523240726768)","('4.00 < health <= 5.00', -0.08037400677110534)","('G2 > 13.00', 0.07707156593050289)","('Medu <= 2.00', 0.06313432739279669)","('freetime <= 3.00', 0.06153275138544302)","('famsup <= 0.00', -0.06033327779622413)","('0.00 < romantic <= 1.00', 0.055425860820335036)"
"('Walc > 3.00', -0.3761718169435834)","('Dalc <= 1.00', 0.2185912223426086)","('studytime <= 1.00', -0.12801236446679246)","('famrel <= 4.00', 0.08253798580817474)","('4.00 < health <= 5.00', -0.07889991866206045)","('famsup <= 0.00', -0.062951170567412)","('2.00 < Medu <= 4.00', -0.060322338648796624)","('age <= 16.00', -0.056465877241062105)","('activities <= 0.00', 0.05563935321104378)","('freetime <= 3.00', 0.05407253650502913)"
"('Dalc <= 1.00', 0.23224227589460167)","('2.00 < Walc <= 3.00', -0.17144914837217073)","('famrel <= 4.00', 0.0872711844482968)","('Medu <= 2.00', 0.07255360671114262)","('0.00 < famsup <= 1.00', 0.06587126277704136)","('romantic <= 0.00', -0.061922288347871515)","('0.00 < activities <= 1.00', -0.06085484207074426)","('age <= 16.00', -0.052374465827909146)","('schoolsup > 0.00', 0.04887937329131588)","('guardian <= 1.00', -0.045046566736920986)"
"('Walc > 3.00', -0.36920259632278873)","('Dalc <= 1.00', 0.22211069150076768)","('studytime <= 1.00', -0.13405255822485354)","('famrel <= 4.00', 0.08019365674192604)","('famsup <= 0.00', -0.0755837957337928)","('2.00 < Mjob <= 3.00', -0.06463008804867484)","('age <= 16.00', -0.06334081681624633)","('G2 <= 10.00', -0.06269355415865042)","('2.00 < Medu <= 4.00', -0.06014364812758856)","('romantic <= 0.00', -0.05899002378328003)"
"('2.00 < Walc <= 3.00', -0.16962547635437764)","('1.00 < Dalc <= 2.00', -0.1197856423248657)","('studytime > 2.00', 0.10964488716936842)","('4.00 < health <= 5.00', -0.07489512186143217)","('G2 > 13.00', 0.07380552263882584)","('2.00 < Medu <= 4.00', -0.0720154744943529)","('famrel <= 4.00', 0.06847997382332945)","('romantic <= 0.00', -0.06177528679472736)","('0.00 < famsup <= 1.00', 0.06150815138325523)","('failures <= 0.00', 0.05517013131965089)"
"('Dalc <= 1.00', 0.22153417311442397)","('4.00 < health <= 5.00', -0.07600668062527503)","('famrel <= 4.00', 0.07429923507224843)","('age <= 16.00', -0.07035329765923126)","('G2 <= 10.00', -0.06463380200481539)","('romantic <= 0.00', -0.0631542156127957)","('famsup <= 0.00', -0.06187354699244358)","('2.00 < Medu <= 4.00', -0.06131516784096868)","('1.00 < studytime <= 2.00', 0.0590459955507557)","('goout > 4.00', 0.057388670669338414)"
"('Dalc <= 1.00', 0.22174391761386206)","('Mjob <= 1.00', 0.09906847852532617)","('famrel <= 4.00', 0.0784494507370388)","('famsup <= 0.00', -0.07439762569333169)","('freetime <= 3.00', 0.062272790979618936)","('2.00 < Medu <= 4.00', -0.0559351497043882)","('0.00 < romantic <= 1.00', 0.05102758352427487)","('0.00 < activities <= 1.00', -0.04832055586031164)","('school <= 0.00', -0.04617086509508353)","('1.00 < studytime <= 2.00', 0.0460797699059674)"
"('Walc <= 1.00', 0.3691328182277803)","('Dalc <= 1.00', 0.22520725347338852)","('health <= 2.00', 0.08541783118318595)","('famrel <= 4.00', 0.07717961023751872)","('0.00 < famsup <= 1.00', 0.07121807487692629)","('G2 <= 10.00', -0.0665891045299664)","('Medu <= 2.00', 0.06280431885334768)","('activities <= 0.00', 0.05684422950133406)","('0.00 < romantic <= 1.00', 0.05648674558016812)","('freetime <= 3.00', 0.0543013340532027)"
